card_id,card_type,rarity,energy_cost,effective_cost,raw_value,per_cost_value,score,unscored_reason
ABRASIVE,Power,Rare,3.0,3.0,7.5,2.5,0.04217273954116078,
ABUNDANCE,Skill,Ancient,1.0,1.0,5.231152647975078,5.231152647975078,0.08824481524924259,
ACCELERANT,Power,Uncommon,1.0,1.0,2.5,2.5,0.04217273954116078,
ACCURACY,Power,Uncommon,1.0,1.0,6.0,6.0,0.10121457489878587,
ACROBATICS,Skill,Uncommon,1.0,1.0,9.0,9.0,0.1518218623481788,
ADAPTIVE_STRIKE,Attack,Rare,2.0,2.0,18.0,9.0,0.1518218623481788,
ADRENALINE,Skill,Rare,0.0,0.5,9.0,18.0,0.3036437246963576,
AFTERIMAGE,Power,Rare,1.0,1.0,1.5,1.5,0.025303643724696467,
AFTERLIFE,Skill,Common,1.0,1.0,6.0,6.0,0.10121457489878587,
AGGRESSION,Power,Rare,1.0,1.0,4.0,4.0,0.06747638326585724,
ALCHEMIZE,Skill,Rare,1.0,1.0,0.0,0.0,0.0,
ALIGNMENT,Skill,Uncommon,0.0,0.5,6.0,12.0,0.20242914979757173,
ALL_FOR_ONE,Attack,Rare,2.0,2.0,10.0,5.0,0.08434547908232155,
ANGER,Attack,Common,0.0,0.5,6.0,12.0,0.20242914979757173,
ANOINTED,Skill,Rare,1.0,1.0,0.0,0.0,0.0,
ANTICIPATE,Skill,Common,0.0,0.5,3.0,6.0,0.10121457489878587,
APOTHEOSIS,Skill,Ancient,2.0,2.0,0.0,0.0,0.0,
APPARITION,Skill,Ancient,1.0,1.0,1.5,1.5,0.025303643724696467,
ARMAMENTS,Skill,Common,1.0,1.0,5.0,5.0,0.08434547908232155,
ARSENAL,Power,Rare,1.0,1.0,1.5,1.5,0.025303643724696467,
ASCENDERS_BANE,Curse,Curse,-1.0,,,,,deck_eval_excluded:curse_status
ASHEN_STRIKE,Attack,Uncommon,1.0,1.0,3.0,3.0,0.05060728744939293,
ASSASSINATE,Attack,Rare,0.0,0.5,11.5,23.0,0.3879892037786791,
ASTRAL_PULSE,Attack,Common,0.0,0.5,6.0,12.0,0.20242914979757173,
AUTOMATION,Power,Uncommon,1.0,1.0,5.5,5.5,0.09278002699055371,
BACKFLIP,Skill,Common,1.0,1.0,11.0,11.0,0.18556005398110742,
BACKSTAB,Attack,Uncommon,0.0,0.5,11.0,22.0,0.37112010796221484,
BAD_LUCK,Curse,Curse,-1.0,,,,,deck_eval_excluded:curse_status
BALL_LIGHTNING,Attack,Common,1.0,1.0,9.0,9.0,0.1518218623481788,
BANSHEES_CRY,Attack,Rare,9.0,9.0,39.0,4.333333333333333,0.07309941520467868,
BARRAGE,Attack,Common,1.0,1.0,5.0,5.0,0.08434547908232155,
BARRICADE,Power,Rare,3.0,3.0,4.0,1.3333333333333333,0.022492127755285744,
BASH,Attack,Basic,2.0,2.0,11.0,5.5,0.09278002699055371,
BATTLE_TRANCE,Skill,Uncommon,0.0,0.5,9.0,18.0,0.3036437246963576,
BEACON_OF_HOPE,Power,Rare,2.0,,,,,deck_eval_excluded:multiplayer_only
BEAM_CELL,Attack,Common,0.0,0.5,4.5,9.0,0.1518218623481788,
BEAT_DOWN,Skill,Rare,3.0,3.0,9.0,3.0,0.05060728744939293,
BEAT_INTO_SHAPE,Attack,Rare,1.0,1.0,5.0,5.0,0.08434547908232155,
BECKON,Status,Status,1.0,,,,,deck_eval_excluded:curse_status
BEGONE,Skill,Common,1.0,1.0,26.431143790849674,26.431143790849674,0.44586949714658886,
BELIEVE_IN_YOU,Skill,Uncommon,0.0,,,,,deck_eval_excluded:multiplayer_only
BIASED_COGNITION,Power,Ancient,1.0,1.0,7.5,7.5,0.12651821862348234,
BIG_BANG,Skill,Rare,0.0,0.5,8.0,16.0,0.26990553306342896,
BLACK_HOLE,Power,Uncommon,1.0,1.0,4.5,4.5,0.0759109311740894,
BLADE_DANCE,Skill,Common,1.0,1.0,9.0,9.0,0.1518218623481788,
BLADE_OF_INK,Skill,Rare,1.0,1.0,6.0,6.0,0.10121457489878587,
BLADE_SYMPHONY,Skill,Uncommon,2.0,,,,,deck_eval_excluded:multiplayer_only
BLAZE,Skill,Uncommon,2.0,,,,,deck_eval_excluded:multiplayer_only
BLIGHT_STRIKE,Attack,Common,1.0,1.0,8.0,8.0,0.13495276653171448,
BLOODLETTING,Skill,Uncommon,0.0,0.5,3.0,6.0,0.10121457489878587,
BLOOD_WALL,Skill,Common,2.0,2.0,14.0,7.0,0.11808367071525017,
BLUDGEON,Attack,Uncommon,3.0,3.0,32.0,10.666666666666666,0.17993702204228595,
BLUR,Skill,Uncommon,1.0,1.0,5.0,5.0,0.08434547908232155,
BODYGUARD,Skill,Basic,1.0,1.0,5.0,5.0,0.08434547908232155,
BODY_SLAM,Attack,Common,1.0,1.0,1.0,1.0,0.01686909581646431,
BOLAS,Attack,Rare,0.0,0.5,3.0,6.0,0.10121457489878587,
BOMBARDMENT,Attack,Rare,3.0,3.0,18.0,6.0,0.10121457489878587,
BONE_SHARDS,Attack,Uncommon,1.0,1.0,18.0,18.0,0.3036437246963576,
BOOST_AWAY,Skill,Common,0.0,0.5,4.0,8.0,0.13495276653171448,
BOOT_SEQUENCE,Skill,Uncommon,0.0,0.5,10.0,20.0,0.3373819163292862,
BORROWED_TIME,Skill,Uncommon,1.0,1.0,15.0,15.0,0.2530364372469647,
BOUNCING_FLASK,Skill,Uncommon,2.0,2.0,4.5,2.25,0.0379554655870447,
BRAND,Skill,Rare,0.0,0.5,8.931143790849672,17.862287581699345,0.3013206407169268,
BREAK,Attack,Ancient,1.0,1.0,27.5,27.5,0.46390013495276855,
BREAKTHROUGH,Attack,Common,1.0,1.0,8.0,8.0,0.13495276653171448,
BRIGHTEST_FLAME,Skill,Ancient,0.0,0.5,14.0,28.0,0.47233468286100067,
BUBBLE_BUBBLE,Skill,Uncommon,1.0,1.0,13.5,13.5,0.2277327935222682,
BUFFER,Power,Rare,2.0,2.0,1.5,0.75,0.012651821862348233,
BULK_UP,Power,Uncommon,2.0,2.0,6.0,3.0,0.05060728744939293,
BULLET_TIME,Skill,Rare,3.0,3.0,0.0,0.0,0.0,
BULLY,Attack,Uncommon,0.0,0.5,2.0,4.0,0.06747638326585724,
BULWARK,Skill,Uncommon,2.0,2.0,14.0,7.0,0.11808367071525017,
BUNDLE_OF_JOY,Skill,Rare,1.0,1.0,17.431143790849674,17.431143790849674,0.29404763479841006,
BURN,Status,Status,-1.0,,,,,deck_eval_excluded:curse_status
BURNING_PACT,Skill,Uncommon,1.0,1.0,14.431143790849672,14.431143790849672,0.24344034734901712,
BURST,Skill,Rare,1.0,1.0,0.0,0.0,0.0,
BURY,Attack,Uncommon,4.0,4.0,52.0,13.0,0.21929824561403602,
BYRDONIS_EGG,Quest,Quest,-1.0,,,,,deck_eval_excluded:curse_status
BYRD_SWOOP,Attack,Event,0.0,0.5,14.0,28.0,0.47233468286100067,
CACOPHONY,Power,Rare,2.0,,,,,deck_eval_excluded:multiplayer_only
CALAMITY,Power,Rare,3.0,3.0,4.0,1.3333333333333333,0.022492127755285744,
CALCIFY,Power,Uncommon,1.0,1.0,6.0,6.0,0.10121457489878587,
CALCULATED_GAMBLE,Skill,Uncommon,0.0,0.5,0.0,0.0,0.0,
CALL_OF_THE_VOID,Power,Rare,1.0,1.0,7.0,7.0,0.11808367071525017,
CALTROPS,Power,Event,1.0,1.0,4.5,4.5,0.0759109311740894,
CAPACITOR,Power,Uncommon,1.0,1.0,2.5,2.5,0.04217273954116078,
CAPTURE_SPIRIT,Skill,Uncommon,1.0,1.0,24.0,24.0,0.40485829959514347,
CASCADE,Skill,Rare,-1.0,,,,,x_cost_or_negative_cost
CATASTROPHE,Skill,Uncommon,2.0,2.0,6.0,3.0,0.05060728744939293,
CELESTIAL_MIGHT,Attack,Common,2.0,2.0,24.0,12.0,0.20242914979757173,
CHAOS,Skill,Uncommon,1.0,1.0,0.0,0.0,0.0,
CHARGE,Skill,Uncommon,1.0,1.0,40.431143790849674,40.431143790849674,0.6820368385770892,
CHARGE_BATTERY,Skill,Common,1.0,1.0,10.0,10.0,0.1686909581646431,
CHILD_OF_THE_STARS,Power,Uncommon,1.0,1.0,2.5,2.5,0.04217273954116078,
CHILL,Skill,Uncommon,0.0,0.5,2.0,4.0,0.06747638326585724,
CINDER,Attack,Common,2.0,2.0,18.0,9.0,0.1518218623481788,
CLASH,Attack,Event,0.0,0.5,14.0,28.0,0.47233468286100067,
CLAW,Attack,Common,0.0,0.5,3.0,6.0,0.10121457489878587,
CLEANSE,Skill,Uncommon,1.0,1.0,11.431143790849672,11.431143790849672,0.19283305989962418,
CLOAK_AND_DAGGER,Skill,Common,1.0,1.0,9.0,9.0,0.1518218623481788,
CLOAK_OF_STARS,Skill,Common,0.0,0.5,7.0,14.0,0.23616734143050033,
CLUMSY,Curse,Curse,-1.0,,,,,deck_eval_excluded:curse_status
COLD_SNAP,Attack,Common,1.0,1.0,8.0,8.0,0.13495276653171448,
COLLISION_COURSE,Attack,Common,0.0,0.5,8.0,16.0,0.26990553306342896,
COLOSSUS,Skill,Uncommon,1.0,1.0,4.0,4.0,0.06747638326585724,
COMET,Attack,Rare,0.0,0.5,42.0,84.0,1.0,
COMPACT,Skill,Uncommon,1.0,1.0,12.0,12.0,0.20242914979757173,
COMPILE_DRIVER,Attack,Common,1.0,1.0,7.0,7.0,0.11808367071525017,
CONCOCT,Skill,Uncommon,0.0,,,,,deck_eval_excluded:multiplayer_only
CONFLAGRATION,Attack,Rare,1.0,1.0,10.0,10.0,0.1686909581646431,
CONQUEROR,Skill,Uncommon,1.0,1.0,0.6000000000000001,0.6000000000000001,0.010121457489878588,
CONSTELLATION,Skill,Uncommon,0.0,,,,,deck_eval_excluded:multiplayer_only
CONSUMING_SHADOW,Power,Rare,2.0,2.0,3.5,1.75,0.02952091767881254,
CONVERGENCE,Skill,Uncommon,1.0,1.0,4.0,4.0,0.06747638326585724,
COOLANT,Power,Rare,1.0,1.0,3.0,3.0,0.05060728744939293,
COOLHEADED,Skill,Common,1.0,1.0,5.0,5.0,0.08434547908232155,
COORDINATE,Skill,Uncommon,1.0,,,,,deck_eval_excluded:multiplayer_only
CORROSIVE_WAVE,Skill,Rare,1.0,1.0,0.0,0.0,0.0,
CORRUPTION,Power,Ancient,3.0,3.0,4.0,1.3333333333333333,0.022492127755285744,
COSMIC_INDIFFERENCE,Skill,Common,1.0,1.0,14.431143790849672,14.431143790849672,0.24344034734901712,
COUNTDOWN,Power,Uncommon,1.0,1.0,9.0,9.0,0.1518218623481788,
CRASH_LANDING,Attack,Rare,1.0,1.0,19.0,19.0,0.32051282051282187,
CREATIVE_AI,Power,Rare,3.0,3.0,4.0,1.3333333333333333,0.022492127755285744,
CRESCENT_SPEAR,Attack,Common,1.0,1.0,2.0,2.0,0.03373819163292862,
CRIMSON_MANTLE,Power,Rare,1.0,1.0,10.5,10.5,0.17712550607287525,
CRUELTY,Power,Uncommon,1.0,1.0,37.5,37.5,0.6325910931174116,
CRUSH_UNDER,Attack,Common,1.0,1.0,7.0,7.0,0.11808367071525017,
CURSE_OF_THE_BELL,Curse,Curse,-1.0,,,,,deck_eval_excluded:curse_status
DAGGER_SPRAY,Attack,Common,1.0,1.0,4.0,4.0,0.06747638326585724,
DAGGER_THROW,Attack,Common,1.0,1.0,9.0,9.0,0.1518218623481788,
DANSE_MACABRE,Power,Uncommon,1.0,1.0,12.0,12.0,0.20242914979757173,
DARKNESS,Skill,Uncommon,1.0,1.0,2.0,2.0,0.03373819163292862,
DARK_EMBRACE,Power,Rare,2.0,2.0,4.0,2.0,0.03373819163292862,
DARK_SHACKLES,Skill,Uncommon,0.0,0.5,0.0,0.0,0.0,
DASH,Attack,Uncommon,2.0,2.0,20.0,10.0,0.1686909581646431,
DAZED,Status,Status,-1.0,,,,,deck_eval_excluded:curse_status
DEADLY_POISON,Skill,Common,1.0,1.0,7.5,7.5,0.12651821862348234,
DEATHBRINGER,Skill,Uncommon,2.0,2.0,33.0,16.5,0.27834008097166113,
DEATHS_DOOR,Skill,Uncommon,1.0,1.0,6.0,6.0,0.10121457489878587,
DEATH_MARCH,Attack,Uncommon,1.0,1.0,4.0,4.0,0.06747638326585724,
DEBILITATE,Attack,Uncommon,1.0,1.0,13.0,13.0,0.21929824561403602,
DEBRIS,Status,Status,1.0,,,,,deck_eval_excluded:curse_status
DEBT,Curse,Curse,-1.0,,,,,deck_eval_excluded:curse_status
DECAY,Curse,Curse,-1.0,,,,,deck_eval_excluded:curse_status
DECISIONS_DECISIONS,Skill,Rare,0.0,0.5,15.947530864197532,31.895061728395063,0.5380408523683401,
DEFEND_DEFECT,Skill,Basic,1.0,1.0,5.0,5.0,0.08434547908232155,
DEFEND_IRONCLAD,Skill,Basic,1.0,1.0,5.0,5.0,0.08434547908232155,
DEFEND_NECROBINDER,Skill,Basic,1.0,1.0,5.0,5.0,0.08434547908232155,
DEFEND_REGENT,Skill,Basic,1.0,1.0,5.0,5.0,0.08434547908232155,
DEFEND_SILENT,Skill,Basic,1.0,1.0,5.0,5.0,0.08434547908232155,
DEFILE,Attack,Common,1.0,1.0,13.0,13.0,0.21929824561403602,
DEFLECT,Skill,Common,0.0,0.5,4.0,8.0,0.13495276653171448,
DEFRAGMENT,Power,Rare,1.0,1.0,1.5,1.5,0.025303643724696467,
DEFY,Skill,Common,1.0,1.0,7.5,7.5,0.12651821862348234,
DELAY,Skill,Uncommon,2.0,2.0,14.0,7.0,0.11808367071525017,
DEMESNE,Power,Rare,3.0,3.0,10.0,3.3333333333333335,0.05623031938821437,
DEMONIC_SHIELD,Skill,Uncommon,0.0,,,,,deck_eval_excluded:multiplayer_only
DEMON_FORM,Power,Rare,3.0,3.0,4.5,1.5,0.025303643724696467,
DEPRECATED_CARD,Status,Status,0.0,,,,,deck_eval_excluded:curse_status
DEVASTATE,Attack,Uncommon,1.0,1.0,35.0,35.0,0.5904183535762508,
DEVOUR_LIFE,Power,Rare,1.0,1.0,1.5,1.5,0.025303643724696467,
DIRGE,Skill,Uncommon,0.0,,,,,x_cost_or_negative_cost
DISCOVERY,Skill,Uncommon,1.0,1.0,8.431143790849672,8.431143790849672,0.14222577245023124,
DISINTEGRATION,Status,Status,-1.0,,,,,deck_eval_excluded:curse_status
DISMANTLE,Attack,Uncommon,1.0,1.0,8.0,8.0,0.13495276653171448,
DISTRACTION,Skill,Event,1.0,1.0,6.947530864197531,6.947530864197531,0.11719856383599124,
DODGE_AND_ROLL,Skill,Common,1.0,1.0,4.0,4.0,0.06747638326585724,
DOMINATE,Skill,Rare,1.0,1.0,1.5,1.5,0.025303643724696467,
DOUBLE_ENERGY,Skill,Uncommon,1.0,1.0,4.5,4.5,0.0759109311740894,
DOUBT,Curse,Curse,-1.0,,,,,deck_eval_excluded:curse_status
DOWSING,Quest,Quest,-1.0,,,,,x_cost_or_negative_cost
DRAIN_POWER,Attack,Common,1.0,1.0,16.0,16.0,0.26990553306342896,
DRAMATIC_ENTRANCE,Attack,Uncommon,0.0,0.5,11.0,22.0,0.37112010796221484,
DREDGE,Skill,Uncommon,1.0,1.0,17.431143790849674,17.431143790849674,0.29404763479841006,
DRUM_OF_BATTLE,Skill,Uncommon,1.0,1.0,12.0,12.0,0.20242914979757173,
DUALCAST,Skill,Basic,1.0,1.0,0.0,0.0,0.0,
DUAL_WIELD,Skill,Event,1.0,1.0,11.431143790849672,11.431143790849672,0.19283305989962418,
DYING_STAR,Attack,Rare,1.0,1.0,9.0,9.0,0.1518218623481788,
ECHOING_SLASH,Attack,Rare,1.0,1.0,10.0,10.0,0.1686909581646431,
ECHO_FORM,Power,Rare,3.0,3.0,4.0,1.3333333333333333,0.022492127755285744,
EIDOLON,Skill,Rare,2.0,2.0,0.0,0.0,0.0,
END_OF_DAYS,Skill,Rare,3.0,3.0,43.5,14.5,0.2446018893387325,
ENERGY_SURGE,Skill,Uncommon,1.0,,,,,deck_eval_excluded:multiplayer_only
ENFEEBLING_TOUCH,Skill,Uncommon,1.0,1.0,0.0,0.0,0.0,
ENLIGHTENMENT,Skill,Event,0.0,0.5,0.0,0.0,0.0,
ENTHRALLED,Curse,Curse,2.0,,,,,deck_eval_excluded:curse_status
ENTRENCH,Skill,Event,2.0,2.0,0.0,0.0,0.0,
ENTROPY,Power,Rare,1.0,1.0,7.0,7.0,0.11808367071525017,
ENVENOM,Power,Rare,2.0,2.0,1.5,0.75,0.012651821862348233,
EQUILIBRIUM,Skill,Uncommon,2.0,2.0,13.0,6.5,0.10964912280701801,
ERADICATE,Attack,Rare,0.0,,,,,x_cost_or_negative_cost
ESCAPE_PLAN,Skill,Uncommon,0.0,0.5,3.0,6.0,0.10121457489878587,
ETERNAL_ARMOR,Power,Rare,3.0,3.0,13.5,4.5,0.0759109311740894,
EVIL_EYE,Skill,Uncommon,1.0,1.0,8.0,8.0,0.13495276653171448,
EXPECT_AFIGHT,Skill,Uncommon,2.0,2.0,0.0,0.0,0.0,
EXPERTISE,Skill,Uncommon,1.0,1.0,6.0,6.0,0.10121457489878587,
EXPOSE,Skill,Uncommon,0.0,0.5,0.0,0.0,0.0,
EXTERMINATE,Attack,Event,1.0,1.0,15.0,15.0,0.2530364372469647,
FADE,Skill,Uncommon,0.0,,,,,deck_eval_excluded:multiplayer_only
FALLING_STAR,Attack,Basic,0.0,0.5,11.0,22.0,0.37112010796221484,
FAN_OF_KNIVES,Power,Rare,2.0,2.0,16.0,8.0,0.13495276653171448,
FASTEN,Power,Uncommon,1.0,1.0,2.5,2.5,0.04217273954116078,
FEAR,Attack,Common,1.0,1.0,8.5,8.5,0.14338731443994662,
FEED,Attack,Rare,1.0,1.0,16.0,16.0,0.26990553306342896,
FEEDING_FRENZY,Skill,Event,0.0,0.5,7.5,15.0,0.2530364372469647,
FEEL_NO_PAIN,Power,Uncommon,1.0,1.0,2.5,2.5,0.04217273954116078,
FERAL,Power,Uncommon,2.0,2.0,1.5,0.75,0.012651821862348233,
FETCH,Attack,Uncommon,0.0,0.5,6.0,12.0,0.20242914979757173,
FIEND_FIRE,Attack,Rare,2.0,2.0,7.0,3.5,0.05904183535762508,
FIGHT_ME,Attack,Uncommon,2.0,2.0,19.5,9.75,0.16447368421052702,
FIGHT_THROUGH,Skill,Uncommon,1.0,1.0,9.0,9.0,0.1518218623481788,
FINESSE,Skill,Uncommon,0.0,0.5,7.0,14.0,0.23616734143050033,
FINISHER,Attack,Uncommon,1.0,1.0,6.0,6.0,0.10121457489878587,
FISTICUFFS,Attack,Uncommon,1.0,1.0,7.0,7.0,0.11808367071525017,
FLAK_CANNON,Attack,Rare,2.0,2.0,8.0,4.0,0.06747638326585724,
FLAME_BARRIER,Skill,Uncommon,2.0,2.0,12.0,6.0,0.10121457489878587,
FLANKING,Skill,Rare,2.0,,,,,deck_eval_excluded:multiplayer_only
FLASH_OF_STEEL,Attack,Uncommon,0.0,0.5,8.0,16.0,0.26990553306342896,
FLATTEN,Attack,Common,2.0,2.0,12.0,6.0,0.10121457489878587,
FLECHETTES,Attack,Uncommon,1.0,1.0,5.0,5.0,0.08434547908232155,
FLICK_FLACK,Attack,Common,1.0,1.0,7.0,7.0,0.11808367071525017,
FOCUSED_STRIKE,Attack,Common,1.0,1.0,10.5,10.5,0.17712550607287525,
FOLLY,Curse,Curse,-1.0,,,,,deck_eval_excluded:curse_status
FOOTWORK,Power,Uncommon,1.0,1.0,3.0,3.0,0.05060728744939293,
FORBIDDEN_GRIMOIRE,Power,Ancient,2.0,2.0,4.0,2.0,0.03373819163292862,
FOREGONE_CONCLUSION,Skill,Rare,1.0,1.0,6.0,6.0,0.10121457489878587,
FORGOTTEN_RITUAL,Skill,Uncommon,1.0,1.0,9.0,9.0,0.1518218623481788,
FRANTIC_ESCAPE,Status,Status,1.0,,,,,deck_eval_excluded:curse_status
FRIENDSHIP,Power,Uncommon,1.0,1.0,6.0,6.0,0.10121457489878587,
FTL,Attack,Uncommon,0.0,0.5,8.0,16.0,0.26990553306342896,
FUEL,Skill,Token,0.0,0.5,3.0,6.0,0.10121457489878587,
FURNACE,Power,Uncommon,1.0,1.0,3.5,3.5,0.05904183535762508,
FUSION,Skill,Uncommon,1.0,1.0,2.0,2.0,0.03373819163292862,
GAMMA_BLAST,Attack,Uncommon,0.0,0.5,19.0,38.0,0.6410256410256437,
GANG_UP,Attack,Uncommon,1.0,,,,,deck_eval_excluded:multiplayer_only
GATHER_LIGHT,Skill,Common,1.0,1.0,9.0,9.0,0.1518218623481788,
GENESIS,Power,Rare,2.0,2.0,4.0,2.0,0.03373819163292862,
GENETIC_ALGORITHM,Skill,Rare,1.0,1.0,0.0,0.0,0.0,
GIANT_ROCK,Attack,Token,1.0,1.0,20.0,20.0,0.3373819163292862,
GLACIER,Skill,Uncommon,2.0,2.0,10.0,5.0,0.08434547908232155,
GLASSWORK,Skill,Uncommon,1.0,1.0,7.0,7.0,0.11808367071525017,
GLIMMER,Skill,Uncommon,1.0,1.0,17.431143790849674,17.431143790849674,0.29404763479841006,
GLIMPSE_BEYOND,Skill,Rare,1.0,,,,,deck_eval_excluded:multiplayer_only
GLITTERSTREAM,Skill,Common,2.0,2.0,16.0,8.0,0.13495276653171448,
GLOW,Skill,Common,1.0,1.0,4.0,4.0,0.06747638326585724,
GOLD_AXE,Attack,Rare,1.0,1.0,1.0,1.0,0.01686909581646431,
GO_FOR_THE_EYES,Attack,Common,0.0,0.5,4.5,9.0,0.1518218623481788,
GRAND_FINALE,Attack,Rare,0.0,0.5,60.0,120.0,1.0,
GRAVEBLAST,Attack,Common,1.0,1.0,12.431143790849672,12.431143790849672,0.2097021557160885,
GRAVE_WARDEN,Skill,Common,1.0,1.0,23.0,23.0,0.3879892037786791,
GREED,Curse,Curse,-1.0,,,,,deck_eval_excluded:curse_status
GUARDS,Skill,Rare,2.0,2.0,22.431143790849674,11.215571895424837,0.1891965569403658,
GUIDING_STAR,Attack,Common,1.0,1.0,18.0,18.0,0.3036437246963576,
GUILTY,Curse,Curse,-1.0,,,,,deck_eval_excluded:curse_status
GUNK_UP,Attack,Common,1.0,1.0,14.0,14.0,0.23616734143050033,
HAILSTORM,Power,Uncommon,1.0,1.0,9.0,9.0,0.1518218623481788,
HAMMER_TIME,Power,Rare,2.0,,,,,deck_eval_excluded:multiplayer_only
HAND_OF_GREED,Attack,Rare,2.0,2.0,20.0,10.0,0.1686909581646431,
HAND_TRICK,Skill,Uncommon,1.0,1.0,15.431143790849672,15.431143790849672,0.26030944316548144,
HANG,Attack,Rare,1.0,1.0,10.0,10.0,0.1686909581646431,
HAUNT,Power,Uncommon,1.0,1.0,-4.5,-4.5,0.0,
HAVOC,Skill,Common,1.0,1.0,0.0,0.0,0.0,
HAZE,Skill,Uncommon,3.0,3.0,6.0,2.0,0.03373819163292862,
HEADBUTT,Attack,Common,1.0,1.0,17.431143790849674,17.431143790849674,0.29404763479841006,
HEAVENLY_DRILL,Attack,Rare,0.0,,,,,x_cost_or_negative_cost
HEGEMONY,Attack,Uncommon,2.0,2.0,21.0,10.5,0.17712550607287525,
HEIRLOOM_HAMMER,Attack,Rare,2.0,2.0,48.431143790849674,24.215571895424837,0.40849480255440185,
HELIX_DRILL,Attack,Rare,0.0,0.5,3.0,6.0,0.10121457489878587,
HELLO_WORLD,Power,Event,1.0,1.0,2.5,2.5,0.04217273954116078,
HELLRAISER,Power,Rare,2.0,2.0,4.0,2.0,0.03373819163292862,
HEMOKINESIS,Attack,Uncommon,1.0,1.0,13.0,13.0,0.21929824561403602,
HIBERNATE,Skill,Uncommon,2.0,,,,,deck_eval_excluded:multiplayer_only
HIDDEN_CACHE,Skill,Common,1.0,1.0,5.5,5.5,0.09278002699055371,
HIDDEN_DAGGERS,Skill,Uncommon,0.0,0.5,6.0,12.0,0.20242914979757173,
HIDDEN_GEM,Skill,Rare,1.0,1.0,0.0,0.0,0.0,
HIGH_FIVE,Attack,Uncommon,2.0,2.0,14.0,7.0,0.11808367071525017,
HOLOGRAM,Skill,Common,1.0,1.0,11.431143790849672,11.431143790849672,0.19283305989962418,
HOTFIX,Skill,Common,0.0,0.5,3.0,6.0,0.10121457489878587,
HOWL_FROM_BEYOND,Attack,Uncommon,3.0,3.0,18.0,6.0,0.10121457489878587,
HUDDLE_UP,Skill,Uncommon,1.0,,,,,deck_eval_excluded:multiplayer_only
HYPERBEAM,Attack,Rare,2.0,2.0,34.5,17.25,0.29099190283400933,
ICE_LANCE,Attack,Rare,3.0,3.0,78.0,26.0,0.43859649122807204,
IGNITION,Skill,Uncommon,1.0,,,,,deck_eval_excluded:multiplayer_only
IMITATION_LEARNING,Skill,Rare,1.0,,,,,deck_eval_excluded:multiplayer_only
IMPATIENCE,Skill,Uncommon,0.0,0.5,6.0,12.0,0.20242914979757173,
IMPERVIOUS,Skill,Rare,2.0,2.0,30.0,15.0,0.2530364372469647,
INFECTION,Status,Status,-1.0,,,,,deck_eval_excluded:curse_status
INFERNAL_BLADE,Skill,Uncommon,1.0,1.0,11.975846702317291,11.975846702317291,0.20202170550467852,
INFERNO,Power,Uncommon,1.0,1.0,9.0,9.0,0.1518218623481788,
INFINITE_BLADES,Power,Uncommon,1.0,1.0,2.5,2.5,0.04217273954116078,
INFLAME,Power,Uncommon,1.0,1.0,3.0,3.0,0.05060728744939293,
INJURY,Curse,Curse,-1.0,,,,,deck_eval_excluded:curse_status
INTERCEPT,Skill,Uncommon,1.0,,,,,deck_eval_excluded:multiplayer_only
INVOKE,Skill,Common,1.0,1.0,8.0,8.0,0.13495276653171448,
IRON_WAVE,Attack,Common,1.0,1.0,10.0,10.0,0.1686909581646431,
ITERATION,Power,Uncommon,1.0,1.0,3.0,3.0,0.05060728744939293,
I_AM_INVINCIBLE,Skill,Rare,1.0,1.0,10.0,10.0,0.1686909581646431,
JACKPOT,Attack,Rare,3.0,3.0,42.431143790849674,14.143714596949891,0.23859167673667261,
JACK_OF_ALL_TRADES,Skill,Uncommon,0.0,0.5,11.431143790849672,22.862287581699345,0.38566611979924836,
JUGGERNAUT,Power,Rare,2.0,2.0,9.0,4.5,0.0759109311740894,
JUGGLING,Power,Uncommon,1.0,1.0,2.5,2.5,0.04217273954116078,
KINGLY_KICK,Attack,Uncommon,4.0,4.0,27.0,6.75,0.1138663967611341,
KINGLY_PUNCH,Attack,Uncommon,1.0,1.0,8.0,8.0,0.13495276653171448,
KNIFE_TRAP,Skill,Rare,2.0,2.0,0.0,0.0,0.0,
KNOCKDOWN,Attack,Rare,3.0,,,,,deck_eval_excluded:multiplayer_only
KNOCKOUT_BLOW,Attack,Uncommon,3.0,3.0,35.0,11.666666666666666,0.19680611785875027,
KNOW_THY_PLACE,Skill,Common,0.0,0.5,3.0,6.0,0.10121457489878587,
LANTERN_KEY,Quest,Quest,-1.0,,,,,deck_eval_excluded:curse_status
LARGESSE,Skill,Uncommon,0.0,,,,,deck_eval_excluded:multiplayer_only
LEADING_STRIKE,Attack,Common,1.0,1.0,9.0,9.0,0.1518218623481788,
LEAP,Skill,Common,1.0,1.0,9.0,9.0,0.1518218623481788,
LEGION_OF_BONE,Skill,Uncommon,2.0,,,,,deck_eval_excluded:multiplayer_only
LEG_SWEEP,Skill,Uncommon,2.0,2.0,14.0,7.0,0.11808367071525017,
LETHALITY,Power,Uncommon,1.0,1.0,75.0,75.0,1.0,
LIFT,Skill,Uncommon,1.0,,,,,deck_eval_excluded:multiplayer_only
LIGHTNING_ROD,Skill,Common,1.0,1.0,7.0,7.0,0.11808367071525017,
LOOP,Power,Uncommon,1.0,1.0,2.5,2.5,0.04217273954116078,
LUMINESCE,Skill,Token,0.0,0.5,6.0,12.0,0.20242914979757173,
LUNAR_BLAST,Attack,Uncommon,0.0,0.5,4.0,8.0,0.13495276653171448,
MACHINE_LEARNING,Power,Rare,1.0,1.0,7.0,7.0,0.11808367071525017,
MAD_SCIENCE,Attack,Event,1.0,1.0,64.43114379084967,64.43114379084967,1.0,
MAKE_IT_SO,Attack,Rare,0.0,0.5,15.0,30.0,0.5060728744939293,
MALAISE,Skill,Rare,0.0,,,,,x_cost_or_negative_cost
MANGLE,Attack,Rare,3.0,3.0,15.0,5.0,0.08434547908232155,
MANIFEST_AUTHORITY,Skill,Uncommon,1.0,1.0,15.431143790849672,15.431143790849672,0.26030944316548144,
MASTER_OF_STRATEGY,Skill,Rare,0.0,0.5,9.0,18.0,0.3036437246963576,
MASTER_PLANNER,Power,Rare,2.0,2.0,4.0,2.0,0.03373819163292862,
MAUL,Attack,Ancient,1.0,1.0,5.0,5.0,0.08434547908232155,
MAYHEM,Power,Rare,2.0,2.0,4.0,2.0,0.03373819163292862,
MELANCHOLY,Skill,Uncommon,3.0,3.0,16.0,5.333333333333333,0.08996851102114298,
MEMENTO_MORI,Attack,Uncommon,1.0,1.0,4.0,4.0,0.06747638326585724,
METAMORPHOSIS,Skill,Event,2.0,2.0,20.97584670231729,10.487923351158646,0.17692178392642866,
METEOR_SHOWER,Attack,Ancient,0.0,0.5,20.0,40.0,0.6747638326585724,
METEOR_STRIKE,Attack,Rare,5.0,5.0,30.0,6.0,0.10121457489878587,
MIDNIGHT,Attack,Rare,12.0,,,,,deck_eval_excluded:multiplayer_only
MIMIC,Skill,Rare,1.0,,,,,deck_eval_excluded:multiplayer_only
MIND_BLAST,Attack,Uncommon,1.0,1.0,1.0,1.0,0.01686909581646431,
MIND_ROT,Status,Status,-1.0,,,,,deck_eval_excluded:curse_status
MINION_DIVE_BOMB,Attack,Token,0.0,0.5,13.0,26.0,0.43859649122807204,
MINION_SACRIFICE,Skill,Token,0.0,0.5,7.0,14.0,0.23616734143050033,
MINION_STRIKE,Attack,Token,0.0,0.5,9.0,18.0,0.3036437246963576,
MIRAGE,Skill,Uncommon,0.0,0.5,3.0,6.0,0.10121457489878587,
MISERY,Attack,Rare,0.0,0.5,7.0,14.0,0.23616734143050033,
MODDED,Skill,Rare,0.0,0.5,3.0,6.0,0.10121457489878587,
MOLTEN_FIST,Attack,Common,1.0,1.0,10.0,10.0,0.1686909581646431,
MOMENTUM_STRIKE,Attack,Common,1.0,1.0,11.0,11.0,0.18556005398110742,
MONARCHS_GAZE,Power,Rare,2.0,2.0,4.0,2.0,0.03373819163292862,
MONOLOGUE,Skill,Uncommon,0.0,0.5,0.0,0.0,0.0,
MULTI_CAST,Skill,Rare,0.0,,,,,x_cost_or_negative_cost
MURDER,Attack,Rare,3.0,3.0,1.0,0.3333333333333333,0.005623031938821436,
NECRO_MASTERY,Power,Rare,2.0,2.0,9.0,4.5,0.0759109311740894,
NEGATIVE_PULSE,Skill,Common,1.0,1.0,15.5,15.5,0.2614709851551968,
NEOWS_FURY,Attack,Ancient,1.0,1.0,24.431143790849674,24.431143790849674,0.41213130551366023,
NEUROSURGE,Power,Rare,0.0,0.5,19.5,39.0,0.6578947368421081,
NEUTRALIZE,Attack,Basic,0.0,0.5,4.5,9.0,0.1518218623481788,
NEUTRON_AEGIS,Power,Rare,1.0,1.0,12.0,12.0,0.20242914979757173,
NIGHTMARE,Skill,Rare,3.0,3.0,8.431143790849672,2.8103812636165575,0.04740859081674375,
NORMALITY,Curse,Curse,-1.0,,,,,deck_eval_excluded:curse_status
NOSTALGIA,Power,Rare,1.0,1.0,4.0,4.0,0.06747638326585724,
NOT_YET,Skill,Rare,2.0,2.0,10.0,5.0,0.08434547908232155,
NOXIOUS_FUMES,Power,Uncommon,1.0,1.0,2.5,2.5,0.04217273954116078,
NO_ESCAPE,Skill,Uncommon,1.0,1.0,0.0,0.0,0.0,
NULL,Attack,Uncommon,2.0,2.0,15.0,7.5,0.12651821862348234,
OBLIVION,Skill,Rare,0.0,0.5,4.5,9.0,0.1518218623481788,
OFFERING,Skill,Rare,0.0,0.5,9.0,18.0,0.3036437246963576,
OMNISLICE,Attack,Uncommon,0.0,0.5,8.0,16.0,0.26990553306342896,
ONE_FOR_ALL,Power,Rare,1.0,,,,,deck_eval_excluded:multiplayer_only
ONE_TWO_PUNCH,Skill,Rare,1.0,1.0,0.0,0.0,0.0,
ORBIT,Power,Uncommon,2.0,2.0,5.5,2.75,0.046390013495276855,
OUTBREAK,Power,Uncommon,1.0,1.0,6.0,6.0,0.10121457489878587,
OUTMANEUVER,Skill,Event,1.0,1.0,6.0,6.0,0.10121457489878587,
OUTRAGE,Attack,Uncommon,0.0,,,,,deck_eval_excluded:multiplayer_only
OVERCLOCK,Skill,Uncommon,0.0,0.5,4.0,8.0,0.13495276653171448,
PACTS_END,Attack,Rare,0.0,0.5,26.0,52.0,0.8771929824561441,
PAGESTORM,Power,Uncommon,1.0,1.0,5.5,5.5,0.09278002699055371,
PALE_BLUE_DOT,Power,Uncommon,1.0,1.0,5.5,5.5,0.09278002699055371,
PANACHE,Power,Uncommon,0.0,0.5,2.5,5.0,0.08434547908232155,
PANIC_BUTTON,Skill,Uncommon,0.0,0.5,30.0,60.0,1.0,
PARRY,Power,Uncommon,1.0,1.0,2.5,2.5,0.04217273954116078,
PARSE,Skill,Uncommon,1.0,1.0,9.0,9.0,0.1518218623481788,
PARTICLE_WALL,Skill,Uncommon,0.0,0.5,9.0,18.0,0.3036437246963576,
PATTER,Skill,Common,1.0,1.0,11.0,11.0,0.18556005398110742,
PECK,Attack,Event,1.0,1.0,8.0,8.0,0.13495276653171448,
PERFECTED_STRIKE,Attack,Common,2.0,2.0,2.0,1.0,0.01686909581646431,
PHANTOM_BLADES,Power,Uncommon,1.0,1.0,13.5,13.5,0.2277327935222682,
PHOTON_CUT,Attack,Common,1.0,1.0,21.431143790849674,21.431143790849674,0.3615240180642673,
PIERCING_WAIL,Skill,Common,1.0,1.0,0.0,0.0,0.0,
PILLAGE,Attack,Uncommon,1.0,1.0,6.0,6.0,0.10121457489878587,
PILLAR_OF_CREATION,Power,Uncommon,1.0,1.0,7.5,7.5,0.12651821862348234,
PINPOINT,Attack,Uncommon,3.0,3.0,15.0,5.0,0.08434547908232155,
PLOT,Skill,Uncommon,1.0,,,,,deck_eval_excluded:multiplayer_only
POISONED_STAB,Attack,Common,1.0,1.0,10.5,10.5,0.17712550607287525,
POKE,Attack,Common,0.0,0.5,6.0,12.0,0.20242914979757173,
POMMEL_STRIKE,Attack,Common,1.0,1.0,12.0,12.0,0.20242914979757173,
POOR_SLEEP,Curse,Curse,-1.0,,,,,deck_eval_excluded:curse_status
POUNCE,Attack,Uncommon,2.0,2.0,14.0,7.0,0.11808367071525017,
PRECISE_CUT,Attack,Uncommon,0.0,0.5,2.0,4.0,0.06747638326585724,
PREDATOR,Attack,Common,2.0,2.0,15.0,7.5,0.12651821862348234,
PREPARED,Skill,Common,0.0,0.5,3.0,6.0,0.10121457489878587,
PREP_TIME,Power,Uncommon,1.0,1.0,6.0,6.0,0.10121457489878587,
PRIMAL_FORCE,Skill,Rare,0.0,0.5,20.0,40.0,0.6747638326585724,
PRODUCTION,Skill,Uncommon,0.0,0.5,6.0,12.0,0.20242914979757173,
PROLONG,Skill,Uncommon,0.0,0.5,0.0,0.0,0.0,
PROPHESIZE,Skill,Uncommon,2.0,2.0,18.0,9.0,0.1518218623481788,
PROTECTOR,Attack,Ancient,1.0,1.0,1.0,1.0,0.01686909581646431,
PROWESS,Power,Uncommon,1.0,1.0,3.0,3.0,0.05060728744939293,
PULL_AGGRO,Skill,Common,2.0,2.0,11.0,5.5,0.09278002699055371,
PULL_FROM_BELOW,Attack,Uncommon,1.0,1.0,5.0,5.0,0.08434547908232155,
PURITY,Skill,Uncommon,0.0,0.5,17.431143790849674,34.86228758169935,0.5880952695968201,
PUTREFY,Skill,Uncommon,1.0,1.0,0.0,0.0,0.0,
PYRE,Power,Rare,2.0,2.0,7.0,3.5,0.05904183535762508,
QUADCAST,Skill,Ancient,1.0,1.0,0.0,0.0,0.0,
QUASAR,Skill,Uncommon,0.0,0.5,8.431143790849672,16.862287581699345,0.2844515449004625,
RADIATE,Attack,Uncommon,0.0,0.5,4.0,8.0,0.13495276653171448,
RAGE,Skill,Uncommon,0.0,0.5,0.0,0.0,0.0,
RAINBOW,Skill,Rare,2.0,2.0,6.0,3.0,0.05060728744939293,
RALLY,Skill,Rare,2.0,,,,,deck_eval_excluded:multiplayer_only
RAMPAGE,Attack,Uncommon,1.0,1.0,9.0,9.0,0.1518218623481788,
RATTLE,Attack,Uncommon,1.0,1.0,7.0,7.0,0.11808367071525017,
REANIMATE,Skill,Rare,3.0,3.0,20.0,6.666666666666667,0.11246063877642874,
REAP,Attack,Common,3.0,3.0,27.0,9.0,0.1518218623481788,
REAPER_FORM,Power,Rare,3.0,3.0,4.0,1.3333333333333333,0.022492127755285744,
REAVE,Attack,Common,1.0,1.0,25.0,25.0,0.42172739541160775,
REBOOT,Skill,Rare,0.0,0.5,12.0,24.0,0.40485829959514347,
REBOUND,Attack,Event,1.0,1.0,9.0,9.0,0.1518218623481788,
REFINE_BLADE,Skill,Common,1.0,1.0,4.8,4.8,0.08097165991902869,
REFLECT,Skill,Uncommon,1.0,1.0,15.0,15.0,0.2530364372469647,
REFLEX,Skill,Uncommon,3.0,3.0,6.0,2.0,0.03373819163292862,
REFRACT,Attack,Uncommon,3.0,3.0,29.0,9.666666666666666,0.16306792622582164,
REGRET,Curse,Curse,-1.0,,,,,deck_eval_excluded:curse_status
RELAX,Skill,Ancient,3.0,3.0,27.0,9.0,0.1518218623481788,
REND,Attack,Rare,2.0,2.0,5.0,2.5,0.04217273954116078,
RESONANCE,Skill,Uncommon,1.0,1.0,1.5,1.5,0.025303643724696467,
RESTLESSNESS,Skill,Uncommon,0.0,0.5,12.0,24.0,0.40485829959514347,
RICOCHET,Attack,Common,2.0,2.0,15.0,7.5,0.12651821862348234,
RIGHT_HAND_HAND,Attack,Uncommon,0.0,0.5,10.0,20.0,0.3373819163292862,
RIP_AND_TEAR,Attack,Event,1.0,1.0,7.0,7.0,0.11808367071525017,
ROCKET_PUNCH,Attack,Uncommon,2.0,2.0,16.0,8.0,0.13495276653171448,
ROLLING_BOULDER,Power,Rare,3.0,3.0,7.5,2.5,0.04217273954116078,
ROYALTIES,Power,Rare,1.0,1.0,19.0,19.0,0.32051282051282187,
ROYAL_GAMBLE,Skill,Uncommon,0.0,0.5,9.0,18.0,0.3036437246963576,
RUPTURE,Power,Uncommon,1.0,1.0,1.5,1.5,0.025303643724696467,
SACRIFICE,Skill,Rare,1.0,1.0,0.0,0.0,0.0,
SALVO,Attack,Rare,1.0,1.0,12.0,12.0,0.20242914979757173,
SCARE,Skill,Uncommon,0.0,0.5,1.5,3.0,0.05060728744939293,
SCAVENGE,Skill,Uncommon,1.0,1.0,14.431143790849672,14.431143790849672,0.24344034734901712,
SCOURGE,Skill,Common,1.0,1.0,22.5,22.5,0.37955465587044696,
SCRAPE,Attack,Uncommon,1.0,1.0,19.0,19.0,0.32051282051282187,
SCRAWL,Skill,Rare,1.0,1.0,0.0,0.0,0.0,
SCULPTING_STRIKE,Attack,Common,1.0,1.0,17.431143790849674,17.431143790849674,0.29404763479841006,
SEANCE,Skill,Rare,1.0,1.0,23.431143790849674,23.431143790849674,0.39526220969719594,
SECOND_WIND,Skill,Uncommon,1.0,1.0,5.0,5.0,0.08434547908232155,
SECRET_TECHNIQUE,Skill,Rare,0.0,0.5,6.947530864197531,13.895061728395062,0.23439712767198248,
SECRET_WEAPON,Skill,Rare,0.0,0.5,11.975846702317291,23.951693404634582,0.40404341100935703,
SEEKER_STRIKE,Attack,Uncommon,1.0,1.0,26.431143790849674,26.431143790849674,0.44586949714658886,
SEEKING_EDGE,Power,Rare,1.0,1.0,5.4,5.4,0.09109311740890728,
SENTRY_MODE,Power,Rare,2.0,2.0,1.5,0.75,0.012651821862348233,
SERPENT_FORM,Power,Rare,3.0,3.0,6.0,2.0,0.03373819163292862,
SETUP_STRIKE,Attack,Common,1.0,1.0,11.5,11.5,0.19399460188933956,
SEVEN_STARS,Attack,Rare,2.0,2.0,56.0,28.0,0.47233468286100067,
SEVERANCE,Attack,Uncommon,2.0,2.0,25.0,12.5,0.21086369770580388,
SHADOWMELD,Skill,Rare,1.0,1.0,0.0,0.0,0.0,
SHADOW_SHIELD,Skill,Uncommon,2.0,2.0,13.0,6.5,0.10964912280701801,
SHADOW_STEP,Skill,Rare,1.0,1.0,9.0,9.0,0.1518218623481788,
SHAME,Curse,Curse,-1.0,,,,,deck_eval_excluded:curse_status
SHARED_FATE,Skill,Rare,0.0,0.5,0.0,0.0,0.0,
SHATTER,Attack,Rare,1.0,1.0,7.0,7.0,0.11808367071525017,
SHINING_STRIKE,Attack,Uncommon,1.0,1.0,10.0,10.0,0.1686909581646431,
SHIV,Attack,Token,0.0,0.5,12.0,24.0,0.40485829959514347,
SHOCKWAVE,Skill,Uncommon,2.0,2.0,0.0,0.0,0.0,
SHROUD,Power,Uncommon,1.0,1.0,4.5,4.5,0.0759109311740894,
SHRUG_IT_OFF,Skill,Common,1.0,1.0,11.0,11.0,0.18556005398110742,
SIC_EM,Attack,Uncommon,1.0,1.0,9.5,9.5,0.16025641025641094,
SIGNAL_BOOST,Skill,Rare,1.0,1.0,1.5,1.5,0.025303643724696467,
SKEWER,Attack,Uncommon,0.0,,,,,x_cost_or_negative_cost
SKIM,Skill,Uncommon,1.0,1.0,9.0,9.0,0.1518218623481788,
SLEIGHT_OF_FLESH,Power,Uncommon,2.0,2.0,13.5,6.75,0.1138663967611341,
SLICE,Attack,Common,0.0,0.5,6.0,12.0,0.20242914979757173,
SLIMED,Status,Status,1.0,,,,,deck_eval_excluded:curse_status
SLOTH,Status,Status,-1.0,,,,,deck_eval_excluded:curse_status
SMOKESTACK,Power,Uncommon,1.0,1.0,7.5,7.5,0.12651821862348234,
SNAKEBITE,Skill,Common,2.0,2.0,10.5,5.25,0.08856275303643762,
SNAP,Attack,Common,1.0,1.0,15.431143790849672,15.431143790849672,0.26030944316548144,
SNEAKY,Power,Rare,2.0,,,,,deck_eval_excluded:multiplayer_only
SOLAR_STRIKE,Attack,Common,1.0,1.0,10.0,10.0,0.1686909581646431,
SOOT,Status,Status,-1.0,,,,,deck_eval_excluded:curse_status
SOUL,Skill,Token,0.0,0.5,18.0,36.0,0.6072874493927152,
SOULBOUND,Power,Uncommon,1.0,,,,,deck_eval_excluded:multiplayer_only
SOUL_STORM,Attack,Rare,1.0,1.0,4.0,4.0,0.06747638326585724,
SOVEREIGN_BLADE,Attack,Token,2.0,2.0,20.0,10.0,0.1686909581646431,
SOW,Attack,Common,1.0,1.0,8.0,8.0,0.13495276653171448,
SPECTRUM_SHIFT,Power,Uncommon,2.0,2.0,5.5,2.75,0.046390013495276855,
SPEEDSTER,Power,Uncommon,2.0,2.0,3.0,1.5,0.025303643724696467,
SPINNER,Power,Rare,1.0,1.0,3.5,3.5,0.05904183535762508,
SPIRIT_OF_ASH,Power,Rare,1.0,1.0,4.0,4.0,0.06747638326585724,
SPITE,Attack,Uncommon,0.0,0.5,15.0,30.0,0.5060728744939293,
SPLASH,Skill,Uncommon,1.0,1.0,8.431143790849672,8.431143790849672,0.14222577245023124,
SPOILS_MAP,Quest,Quest,-1.0,,,,,x_cost_or_negative_cost
SPOILS_OF_BATTLE,Skill,Common,1.0,1.0,7.0,7.0,0.11808367071525017,
SPORE_MIND,Curse,Curse,1.0,,,,,deck_eval_excluded:curse_status
SPUR,Skill,Uncommon,1.0,1.0,8.0,8.0,0.13495276653171448,
SQUASH,Attack,Event,1.0,1.0,13.0,13.0,0.21929824561403602,
SQUEEZE,Attack,Rare,3.0,3.0,5.0,1.6666666666666667,0.028115159694107186,
STACK,Skill,Event,1.0,1.0,0.0,0.0,0.0,
STAMPEDE,Power,Uncommon,2.0,2.0,2.5,1.25,0.02108636977058039,
STARDUST,Attack,Uncommon,0.0,0.5,5.0,10.0,0.1686909581646431,
STOKE,Skill,Rare,1.0,1.0,8.431143790849672,8.431143790849672,0.14222577245023124,
STOMP,Attack,Uncommon,3.0,3.0,12.0,4.0,0.06747638326585724,
STONE_ARMOR,Power,Uncommon,1.0,1.0,6.0,6.0,0.10121457489878587,
STORM,Power,Uncommon,1.0,1.0,1.5,1.5,0.025303643724696467,
STORM_OF_STEEL,Skill,Rare,1.0,1.0,0.0,0.0,0.0,
STRANGLE,Attack,Uncommon,1.0,1.0,11.0,11.0,0.18556005398110742,
STRATAGEM,Power,Uncommon,1.0,1.0,2.5,2.5,0.04217273954116078,
STRIKE_DEFECT,Attack,Basic,1.0,1.0,6.0,6.0,0.10121457489878587,
STRIKE_IRONCLAD,Attack,Basic,1.0,1.0,6.0,6.0,0.10121457489878587,
STRIKE_NECROBINDER,Attack,Basic,1.0,1.0,6.0,6.0,0.10121457489878587,
STRIKE_REGENT,Attack,Basic,1.0,1.0,6.0,6.0,0.10121457489878587,
STRIKE_SILENT,Attack,Basic,1.0,1.0,6.0,6.0,0.10121457489878587,
SUBROUTINE,Power,Uncommon,1.0,1.0,2.5,2.5,0.04217273954116078,
SUCKER_PUNCH,Attack,Common,1.0,1.0,9.5,9.5,0.16025641025641094,
SUMMON_FORTH,Skill,Uncommon,1.0,1.0,1.6,1.6,0.026990553306342896,
SUNDER,Attack,Uncommon,3.0,3.0,35.0,11.666666666666666,0.19680611785875027,
SUPERCRITICAL,Skill,Rare,0.0,0.5,12.0,24.0,0.40485829959514347,
SUPERMASSIVE,Attack,Uncommon,1.0,1.0,3.0,3.0,0.05060728744939293,
SUPPRESS,Attack,Ancient,0.0,0.5,15.5,31.0,0.5229419703103936,
SURVIVOR,Skill,Basic,1.0,1.0,8.0,8.0,0.13495276653171448,
SWEEPING_BEAM,Attack,Common,1.0,1.0,9.0,9.0,0.1518218623481788,
SWEEPING_GAZE,Attack,Token,0.0,0.5,10.0,20.0,0.3373819163292862,
SWORD_BOOMERANG,Attack,Common,1.0,1.0,12.0,12.0,0.20242914979757173,
SWORD_SAGE,Power,Rare,2.0,2.0,1.5,0.75,0.012651821862348233,
SYNCHRONIZE,Skill,Uncommon,1.0,1.0,0.0,0.0,0.0,
SYNTHESIS,Attack,Uncommon,2.0,2.0,14.0,7.0,0.11808367071525017,
TACTICIAN,Skill,Uncommon,3.0,3.0,3.0,1.0,0.01686909581646431,
TAG_TEAM,Attack,Uncommon,2.0,,,,,deck_eval_excluded:multiplayer_only
TANK,Power,Rare,1.0,,,,,deck_eval_excluded:multiplayer_only
TAUNT,Skill,Common,1.0,1.0,7.5,7.5,0.12651821862348234,
TEAR_ASUNDER,Attack,Rare,2.0,2.0,10.0,5.0,0.08434547908232155,
TEMPEST,Skill,Uncommon,0.0,,,,,x_cost_or_negative_cost
TERRAFORMING,Skill,Uncommon,1.0,1.0,9.0,9.0,0.1518218623481788,
TESLA_COIL,Attack,Uncommon,0.0,0.5,3.0,6.0,0.10121457489878587,
THE_BALL,Attack,Uncommon,1.0,,,,,deck_eval_excluded:multiplayer_only
THE_BOMB,Skill,Uncommon,2.0,2.0,0.0,0.0,0.0,
THE_GAMBIT,Skill,Rare,0.0,0.5,50.0,100.0,1.0,
THE_HUNT,Attack,Rare,1.0,1.0,10.0,10.0,0.1686909581646431,
THE_SCYTHE,Attack,Rare,2.0,2.0,0.0,0.0,0.0,
THE_SEALED_THRONE,Power,Ancient,1.0,1.0,4.0,4.0,0.06747638326585724,
THE_SMITH,Skill,Rare,1.0,1.0,6.0,6.0,0.10121457489878587,
THINKING_AHEAD,Skill,Uncommon,0.0,0.5,14.431143790849672,28.862287581699345,0.48688069469803424,
THRASH,Attack,Rare,1.0,1.0,4.0,4.0,0.06747638326585724,
THRUMMING_HATCHET,Attack,Uncommon,1.0,1.0,11.0,11.0,0.18556005398110742,
THUNDER,Power,Uncommon,1.0,1.0,9.0,9.0,0.1518218623481788,
THUNDERCLAP,Attack,Common,1.0,1.0,5.5,5.5,0.09278002699055371,
TIMES_UP,Attack,Rare,2.0,2.0,1.0,0.5,0.008434547908232155,
TOOLS_OF_THE_TRADE,Power,Rare,1.0,1.0,4.0,4.0,0.06747638326585724,
TORIC_TOUGHNESS,Skill,Event,2.0,2.0,5.0,2.5,0.04217273954116078,
TOXIC,Status,Status,1.0,,,,,deck_eval_excluded:curse_status
TRACKING,Power,Rare,2.0,2.0,4.0,2.0,0.03373819163292862,
TRANSFIGURE,Skill,Rare,1.0,1.0,11.431143790849672,11.431143790849672,0.19283305989962418,
TRASH_TO_TREASURE,Power,Rare,1.0,1.0,4.0,4.0,0.06747638326585724,
TREMBLE,Skill,Common,1.0,1.0,4.5,4.5,0.0759109311740894,
TRUE_GRIT,Skill,Common,1.0,1.0,15.431143790849672,15.431143790849672,0.26030944316548144,
TURBO,Skill,Common,0.0,0.5,4.0,8.0,0.13495276653171448,
TUTOR,Skill,Rare,1.0,,,,,deck_eval_excluded:multiplayer_only
TWIN_STRIKE,Attack,Common,1.0,1.0,5.0,5.0,0.08434547908232155,
TYRANNY,Power,Rare,1.0,1.0,4.0,4.0,0.06747638326585724,
ULTIMATE_DEFEND,Skill,Uncommon,1.0,1.0,11.0,11.0,0.18556005398110742,
ULTIMATE_STRIKE,Attack,Uncommon,1.0,1.0,14.0,14.0,0.23616734143050033,
UNDEATH,Skill,Rare,0.0,0.5,7.0,14.0,0.23616734143050033,
UNDERWORLD,Skill,Uncommon,2.0,,,,,deck_eval_excluded:multiplayer_only
UNLEASH,Attack,Basic,1.0,1.0,1.0,1.0,0.01686909581646431,
UNMOVABLE,Power,Rare,2.0,2.0,4.0,2.0,0.03373819163292862,
UNRELENTING,Attack,Uncommon,2.0,2.0,14.0,7.0,0.11808367071525017,
UNTOUCHABLE,Skill,Common,2.0,2.0,6.0,3.0,0.05060728744939293,
UPPERCUT,Attack,Uncommon,2.0,2.0,13.0,6.5,0.10964912280701801,
UPROAR,Attack,Common,2.0,2.0,6.0,3.0,0.05060728744939293,
UP_MY_SLEEVE,Skill,Uncommon,2.0,2.0,9.0,4.5,0.0759109311740894,
VEILPIERCER,Attack,Uncommon,1.0,1.0,10.0,10.0,0.1686909581646431,
VENERATE,Skill,Basic,1.0,1.0,2.0,2.0,0.03373819163292862,
VICIOUS,Power,Uncommon,1.0,1.0,5.5,5.5,0.09278002699055371,
VOID,Status,Status,-1.0,,,,,deck_eval_excluded:curse_status
VOID_FORM,Power,Rare,3.0,3.0,3.0,1.0,0.01686909581646431,
VOLLEY,Attack,Uncommon,0.0,,,,,x_cost_or_negative_cost
VOLTAIC,Skill,Rare,3.0,3.0,2.0,0.6666666666666666,0.011246063877642872,
WASTE_AWAY,Status,Status,-1.0,,,,,deck_eval_excluded:curse_status
WELL_LAID_PLANS,Power,Rare,1.0,1.0,4.0,4.0,0.06747638326585724,
WHIRLWIND,Attack,Uncommon,0.0,,,,,x_cost_or_negative_cost
WHISTLE,Attack,Ancient,3.0,3.0,33.0,11.0,0.18556005398110742,
WHITE_NOISE,Skill,Uncommon,1.0,1.0,5.231152647975078,5.231152647975078,0.08824481524924259,
WISH,Skill,Ancient,0.0,0.5,8.431143790849672,16.862287581699345,0.2844515449004625,
WISP,Skill,Common,0.0,0.5,3.0,6.0,0.10121457489878587,
WITHER,Status,Status,-1.0,,,,,deck_eval_excluded:curse_status
WOUND,Status,Status,-1.0,,,,,deck_eval_excluded:curse_status
WRAITH_FORM,Power,Ancient,3.0,3.0,4.5,1.5,0.025303643724696467,
WRITHE,Curse,Curse,-1.0,,,,,deck_eval_excluded:curse_status
WROUGHT_IN_WAR,Attack,Common,1.0,1.0,8.4,8.4,0.1417004048583002,
ZAP,Skill,Basic,1.0,1.0,2.0,2.0,0.03373819163292862,
