card_id,class_name,energy_cost,star_cost,is_x_cost,rarity,card_type,target_type,keywords,deck_eval_excluded,exclusion_reason,status,needs_review,damage,extra_damage,block,cards_drawn,energy,repeat_hits,heal,gold,max_hp,hp_loss,forge,stars,summon,applies_power_state,buffs_applied,debuffs_applied,other_powers_applied,card_generation,card_transform,pool_generation,card_tutor,orbs_generated,scales_with_enemy_power,scales_with_self_power,orb_evoked,card_tags,tribal_references,exhaust_pile_reference,discard_pile_reference,exhausts_other_cards,discards_other_cards,sly_keyword,opaque_values,review_snippet,notes
ABRASIVE,Abrasive,3,,,Rare,Power,Self,Sly,,,auto,,,,,,,,,,,,,,,TRUE,THORNS_POWER:4(Counter);DEXTERITY_POWER:1(Counter),,,,,,,,,,,,,,,,,TRUE,,,
ABUNDANCE,Abundance,1,,,Ancient,Skill,Self,Exhaust,,,no_canonical_vars,,,,,,,,,,,,,,,,,,,,,type:Power:1,,,,,,,,,,,,,,,
ACCELERANT,Accelerant,1,,,Uncommon,Power,Self,,,,auto,,,,,,,,,,,,,,,TRUE,,,,,,,,,,,,,,,,,,,Accelerant:1,,
ACCURACY,Accuracy,1,,,Uncommon,Power,Self,,,,auto,,,,,,,,,,,,,,,TRUE,ACCURACY_POWER:4(Counter),,,,,,,,,,,,,,,,,,,,
ACROBATICS,Acrobatics,1,,,Uncommon,Skill,Self,,,,auto,,,,,3,,,,,,,,,,,,,,,,,,,,,,,,,,,TRUE,,,,
ADAPTIVE_STRIKE,AdaptiveStrike,2,,,Rare,Attack,AnyEnemy,,,,auto,,18,,,,,,,,,,,,,,,,,,,,,,,,,Strike,,,,,,,,,
ADRENALINE,Adrenaline,0,,,Rare,Skill,Self,Exhaust,,,auto,,,,,2,1,,,,,,,,,,,,,,,,,,,,,,,,,,,,,,
AFTERIMAGE,Afterimage,1,,,Rare,Power,Self,,,,auto,,,,,,,,,,,,,,,TRUE,AFTERIMAGE_POWER:1(Counter),,,,,,,,,,,,,,,,,,,,
AFTERLIFE,Afterlife,1,,,Common,Skill,Self,Exhaust,,,auto,,,,,,,,,,,,,,6,,,,,,,,,,,,,,,,,,,,,,
AGGRESSION,Aggression,1,,,Rare,Power,Self,,,,no_canonical_vars,,,,,,,,,,,,,,,TRUE,,,,,,,,,,,,,,,,,,,,,
ALCHEMIZE,Alchemize,1,,,Rare,Skill,Self,Exhaust,,,no_canonical_vars,TRUE,,,,,,,,,,,,,,,,,,,,,,,,,,,,,,,,,,,
ALIGNMENT,Alignment,0,3,,Uncommon,Skill,Self,,,,auto,,,,,,2,,,,,,,,,,,,,,,,,,,,,,,,,,,,,,
ALL_FOR_ONE,AllForOne,2,,,Rare,Attack,AnyEnemy,,,,auto,,10,,,,,,,,,,,,,,,,,,,,,,,,,,,,,,,,,,
ANGER,Anger,0,,,Common,Attack,AnyEnemy,,,,auto,,6,,,,,,,,,,,,,,,,,,,,,,,,,,,,,,,,,,
ANOINTED,Anointed,1,,,Rare,Skill,Self,Exhaust,,,no_canonical_vars,TRUE,,,,,,,,,,,,,,,,,,,,,,,,,,,,,,,,,,,
ANTICIPATE,Anticipate,0,,,Common,Skill,Self,,,,auto,,,,,,,,,,,,,,,,DEXTERITY_POWER:2(Counter),,,,,,,,,,,,,,,,,,,,
APOTHEOSIS,Apotheosis,2,,,Ancient,Skill,Self,Exhaust;Innate,,,no_canonical_vars,TRUE,,,,,,,,,,,,,,,,,,,,,,,,,,,,,,,,,,,
APPARITION,Apparition,1,,,Ancient,Skill,Self,Ethereal;Exhaust,,,auto,,,,,,,,,,,,,,,,INTANGIBLE_POWER:1(Counter),,,,,,,,,,,,,,,,,,,,
ARMAMENTS,Armaments,1,,,Common,Skill,Self,,,,auto,,,,5,,,,,,,,,,,,,,,,,,,,,,,,,,,,,,,,
ARSENAL,Arsenal,1,,,Rare,Power,Self,,,,auto,,,,,,,,,,,,,,,TRUE,ARSENAL_POWER:1(Counter),,,,,,,,,,,,,,,,,,,,
ASCENDERS_BANE,AscendersBane,-1,,,Curse,Curse,None,Eternal;Ethereal;Unplayable,TRUE,curse_status,no_canonical_vars,,,,,,,,,,,,,,,,,,,,,,,,,,,,,,,,,,,,
ASHEN_STRIKE,AshenStrike,1,,,Uncommon,Attack,AnyEnemy,,,,unparsed_residue,TRUE,,3,,,,,,,,,,,,,,,,,,,,,,,,Strike,,TRUE,,,,,CalculationBaseVar:6,"new global::_003C_003Ez__ReadOnlyArray<DynamicVar>(new DynamicVar[3] { new CalculationBaseVar(6m), new ExtraDamageVar(3m), new CalculatedDamageVar(ValueProp.Move).WithMultiplier((CardModel card, Creature? _) => PileType.Exhaust.GetPile(card.Owner).Cards.Count) })",
ASSASSINATE,Assassinate,0,,,Rare,Attack,AnyEnemy,Exhaust;Innate,,,auto,,10,,,,,,,,,,,,,,,VULNERABLE_POWER:1(Counter),,,,,,,,,,,,,,,,,,,
ASTRAL_PULSE,AstralPulse,0,3,,Common,Attack,AllEnemies,,,,auto,,6,,,,,,,,,,,,,,,,,,,,,,,,,,,,,,,,,,
AUTOMATION,Automation,1,,,Uncommon,Power,Self,,,,auto,,,,,,1,,,,,,,,,TRUE,,,,,,,,,,,,,,,,,,,,,
BACKFLIP,Backflip,1,,,Common,Skill,Self,,,,auto,,,,5,2,,,,,,,,,,,,,,,,,,,,,,,,,,,,,,,
BACKSTAB,Backstab,0,,,Uncommon,Attack,AnyEnemy,Exhaust;Innate,,,auto,,11,,,,,,,,,,,,,,,,,,,,,,,,,,,,,,,,,,
BAD_LUCK,BadLuck,-1,,,Curse,Curse,None,Eternal;Unplayable,TRUE,curse_status,auto,,,,,,,,,,,13,,,,,,,,,,,,,,,,,,,,,,,,,
BALL_LIGHTNING,BallLightning,1,,,Common,Attack,AnyEnemy,,,,auto,,7,,,,,,,,,,,,,,,,,,,,,LightningOrb:1,,,,,,,,,,,,,
BANSHEES_CRY,BansheesCry,9,,,Rare,Attack,AllEnemies,,,,auto,,33,,,,2,,,,,,,,,,,,,,,,,,,,,,,,,,,,,,
BARRAGE,Barrage,1,,,Common,Attack,AnyEnemy,,,,unparsed_residue,TRUE,5,,,,,,,,,,,,,,,,,,,,,,,,,,,,,,,,CalculationBaseVar:0;CalculationExtraVar:1,"new global::_003C_003Ez__ReadOnlyArray<DynamicVar>(new DynamicVar[4] { new DamageVar(5m, ValueProp.Move), new CalculationBaseVar(0m), new CalculationExtraVar(1m), new CalculatedVar(""CalculatedHits"").WithMultiplier((CardModel card, Creature? _) => card.Owner.PlayerCombatState.OrbQueue.Orbs.Count) })",
BARRICADE,Barricade,3,,,Rare,Power,Self,,,,no_canonical_vars,,,,,,,,,,,,,,,TRUE,,,,,,,,,,,,,,,,,,,,,
BASH,Bash,2,,,Basic,Attack,AnyEnemy,,,,auto,,8,,,,,,,,,,,,,,,VULNERABLE_POWER:2(Counter),,,,,,,,,,,,,,,,,,,
BATTLE_TRANCE,BattleTrance,0,,,Uncommon,Skill,Self,,,,auto,,,,,3,,,,,,,,,,,,,,,,,,,,,,,,,,,,,,,
BEACON_OF_HOPE,BeaconOfHope,2,,,Rare,Power,Self,,TRUE,multiplayer_only,no_canonical_vars,,,,,,,,,,,,,,,TRUE,,,,,,,,,,,,,,,,,,,,,
BEAM_CELL,BeamCell,0,,,Common,Attack,AnyEnemy,,,,auto,,3,,,,,,,,,,,,,,,VULNERABLE_POWER:1(Counter),,,,,,,,,,,,,,,,,,,
BEAT_DOWN,BeatDown,3,,,Rare,Skill,RandomEnemy,,,,auto,,,,,3,,,,,,,,,,,,,,,,,,,,,,,,,,,,,,,
BEAT_INTO_SHAPE,BeatIntoShape,1,,,Rare,Attack,AnyEnemy,,,,unparsed_residue,TRUE,5,,,,,,,,,,,,,,,,,,,,,,,,,,,,,,,,CalculationBaseVar:5;CalculationExtraVar:5,"new global::_003C_003Ez__ReadOnlyArray<DynamicVar>(new DynamicVar[4] { new DamageVar(5m, ValueProp.Move), new CalculationBaseVar(5m), new CalculationExtraVar(5m), new CalculatedVar(""CalculatedForge"").WithMultiplier((CardModel card, Creature? target) => CombatManager.Instance.History.Entries.OfType<D",
BECKON,Beckon,1,,,Status,Status,None,,TRUE,curse_status,auto,,,,,,,,,,,6,,,,,,,,,,,,,,,,,,,,,,,,,
BEGONE,Begone,1,,,Common,Skill,Self,,,,no_canonical_vars,,,,,,,,,,,,,,,,,,,,MINION_STRIKE:1,,unfiltered:1,,,,,,,,,,,,,,
BELIEVE_IN_YOU,BelieveInYou,0,,,Uncommon,Skill,AnyAlly,,TRUE,multiplayer_only,auto,,,,,,2,,,,,,,,,,,,,,,,,,,,,,,,,,,,,,
BIASED_COGNITION,BiasedCognition,1,,,Ancient,Power,Self,,,,auto,,,,,,,,,,,,,,,TRUE,FOCUS_POWER:4(Counter),BIASED_COGNITION_POWER:1(Counter),,,,,,,,,,,,,,,,,,,
BIG_BANG,BigBang,0,,,Rare,Skill,Self,Exhaust,,,auto,,,,,1,1,,,,,,5,1,,,,,,,,,,,,,,,,,,,,,,,
BLACK_HOLE,BlackHole,1,,,Uncommon,Power,Self,,,,auto,,,,,,,,,,,,,,,TRUE,BLACK_HOLE_POWER:3(Counter),,,,,,,,,,,,,,,,,,,,
BLADE_DANCE,BladeDance,1,,,Common,Skill,Self,Exhaust,,,auto,,,,,3,,,,,,,,,,,,,,,,,,,,,,,,,,,,,,,
BLADE_OF_INK,BladeOfInk,1,,,Rare,Skill,Self,,,,auto,,,,,2,,,,,,,,,,,,,,,,,,,,,,,,,,,,,,,
BLADE_SYMPHONY,BladeSymphony,2,,,Uncommon,Skill,AllAllies,,TRUE,multiplayer_only,auto,,,,,2,,,,,,,,,,,,,,,,,,,,,,,,,,,,,,,
BLAZE,Blaze,2,,,Uncommon,Skill,AnyAlly,,TRUE,multiplayer_only,auto,,,,,,,,,,,,,,,,STRENGTH_POWER:5(Counter),,,,,,,,,,,,,,,,,,,,
BLIGHT_STRIKE,BlightStrike,1,,,Common,Attack,AnyEnemy,,,,auto,,8,,,,,,,,,,,,,,,,,,,,,,,,,Strike,,,,,,,,,
BLOODLETTING,Bloodletting,0,,,Uncommon,Skill,Self,,,,auto,,,,,,2,,,,,3,,,,,,,,,,,,,,,,,,,,,,,,,
BLOOD_WALL,BloodWall,2,,,Common,Skill,Self,,,,auto,,,,16,,,,,,,2,,,,,,,,,,,,,,,,,,,,,,,,,
BLUDGEON,Bludgeon,3,,,Uncommon,Attack,AnyEnemy,,,,auto,,32,,,,,,,,,,,,,,,,,,,,,,,,,,,,,,,,,,
BLUR,Blur,1,,,Uncommon,Skill,Self,,,,auto,,,,5,,,,,,,,,,,,,,,,,,,,,,,,,,,,,,Blur:1,,
BODYGUARD,Bodyguard,1,,,Basic,Skill,Self,,,,auto,,,,,,,,,,,,,,5,,,,,,,,,,,,,,,,,,,,,,
BODY_SLAM,BodySlam,1,,,Common,Attack,AnyEnemy,,,,unparsed_residue,TRUE,,1,,,,,,,,,,,,,,,,,,,,,,,,,,,,,,,CalculationBaseVar:0,"new global::_003C_003Ez__ReadOnlyArray<DynamicVar>(new DynamicVar[3] { new CalculationBaseVar(0m), new ExtraDamageVar(1m), new CalculatedDamageVar(ValueProp.Move).WithMultiplier((CardModel card, Creature? _) => card.Owner.Creature.Block) })",
BOLAS,Bolas,0,,,Rare,Attack,AnyEnemy,,,,auto,,3,,,,,,,,,,,,,,,,,,,,,,,,,,,,,,,,,,
BOMBARDMENT,Bombardment,3,,,Rare,Attack,AnyEnemy,Exhaust,,,auto,,18,,,,,,,,,,,,,,,,,,,,,,,,,,,,,,,,,,
BONE_SHARDS,BoneShards,1,,,Uncommon,Attack,AllEnemies,,,,auto,,9,,9,,,,,,,,,,,,,,,,,,,,,,,OstyAttack,,,,,,,,,
BOOST_AWAY,BoostAway,0,,,Common,Skill,Self,,,,auto,,,,6,,,,,,,,,,,,,,,DAZED:1,,,,,,,,,,,,,,,,,
BOOT_SEQUENCE,BootSequence,0,,,Uncommon,Skill,Self,Exhaust;Innate,,,auto,,,,10,,,,,,,,,,,,,,,,,,,,,,,,,,,,,,,,
BORROWED_TIME,BorrowedTime,1,,,Uncommon,Skill,Self,,,,auto,,,,,,5,,,,,,,,,,,,,,,,,,,,,,,,,,,,,,
BOUNCING_FLASK,BouncingFlask,2,,,Uncommon,Skill,RandomEnemy,,,,auto,,,,,,,3,,,,,,,,,,POISON_POWER:3(Counter),,,,,,,,,,,,,,,,,,,
BRAND,Brand,0,,,Rare,Skill,Self,,,,auto,,,,,,,,,,,1,,,,,STRENGTH_POWER:1(Counter),,,,,,unfiltered:1,,,,,,,,,TRUE,,,,,
BREAK,Break,1,,,Ancient,Attack,AnyEnemy,,,,auto,,20,,,,,,,,,,,,,,,VULNERABLE_POWER:5(Counter),,,,,,,,,,,,,,,,,,,
BREAKTHROUGH,Breakthrough,1,,,Common,Attack,AllEnemies,,,,auto,,9,,,,,,,,,1,,,,,,,,,,,,,,,,,,,,,,,,,
BRIGHTEST_FLAME,BrightestFlame,0,,,Ancient,Skill,Self,,,,auto,,,,,2,2,,,,1,,,,,,,,,,,,,,,,,,,,,,,,,,
BUBBLE_BUBBLE,BubbleBubble,1,,,Uncommon,Skill,AnyEnemy,,,,auto,,,,,,,,,,,,,,,,,POISON_POWER:9(Counter),,,,,,,POISON_POWER,,,,,,,,,,,,
BUFFER,Buffer,2,,,Rare,Power,Self,,,,auto,,,,,,,,,,,,,,,TRUE,BUFFER_POWER:1(Counter),,,,,,,,,,,,,,,,,,,,
BULK_UP,BulkUp,2,,,Uncommon,Power,Self,,,,auto,,,,,,,,,,,,,,,TRUE,STRENGTH_POWER:2(Counter);DEXTERITY_POWER:2(Counter),,,,,,,,,,,,,,,,,,OrbSlots:1,,
BULLET_TIME,BulletTime,3,,,Rare,Skill,Self,,,,no_canonical_vars,TRUE,,,,,,,,,,,,,,,,,,,,,,,,,,,,,,,,,,,
BULLY,Bully,0,,,Uncommon,Attack,AnyEnemy,,,,unparsed_residue,TRUE,,2,,,,,,,,,,,,,,,,,,,,,VULNERABLE_POWER,,,,,,,,,,CalculationBaseVar:4,"new global::_003C_003Ez__ReadOnlyArray<DynamicVar>(new DynamicVar[3] { new CalculationBaseVar(4m), new ExtraDamageVar(2m), new CalculatedDamageVar(ValueProp.Move).WithMultiplier((CardModel _, Creature? target) => target?.GetPowerAmount<VulnerablePower>() ?? 0) })",
BULWARK,Bulwark,2,,,Uncommon,Skill,Self,,,,auto,,,,12,,,,,,,,10,,,,,,,,,,,,,,,,,,,,,,,,
BUNDLE_OF_JOY,BundleOfJoy,1,,,Rare,Skill,Self,Exhaust,,,auto,,,,,3,,,,,,,,,,,,,,,,pool:ColorlessCardPool:1,,,,,,,,,,,,,,,
BURN,Burn,-1,,,Status,Status,None,Unplayable,TRUE,curse_status,auto,,2,,,,,,,,,,,,,,,,,,,,,,,,,,,,,,,,,,
BURNING_PACT,BurningPact,1,,,Uncommon,Skill,Self,,,,auto,,,,,2,,,,,,,,,,,,,,,,,unfiltered:1,,,,,,,,,TRUE,,,,,
BURST,Burst,1,,,Rare,Skill,Self,,,,auto,,,,,,,,,,,,,,,,,,,,,,,,,,,,,,,,,,Skills:1,,
BURY,Bury,4,,,Uncommon,Attack,AnyEnemy,,,,auto,,52,,,,,,,,,,,,,,,,,,,,,,,,,,,,,,,,,,
BYRDONIS_EGG,ByrdonisEgg,-1,,,Quest,Quest,None,Unplayable,TRUE,curse_status,no_canonical_vars,,,,,,,,,,,,,,,,,,,,,,,,,,,,,,,,,,,,
BYRD_SWOOP,ByrdSwoop,0,,,Event,Attack,AnyEnemy,,,,auto,,14,,,,,,,,,,,,,,,,,,,,,,,,,,,,,,,,,,
CACOPHONY,Cacophony,2,,,Rare,Power,Self,,TRUE,multiplayer_only,auto,,66,,,33,,,,,,,,,,TRUE,,,,,,,,,,,,,,,,,,,,,
CALAMITY,Calamity,3,,,Rare,Power,Self,,,,no_canonical_vars,,,,,,,,,,,,,,,TRUE,,,,,,,,,,,,,,,,,,,,,
CALCIFY,Calcify,1,,,Uncommon,Power,Self,,,,auto,,,,,,,,,,,,,,,TRUE,CALCIFY_POWER:4(Counter),,,,,,,,,,,,,,,,,,,,
CALCULATED_GAMBLE,CalculatedGamble,0,,,Uncommon,Skill,Self,Exhaust,,,no_canonical_vars,,,,,,,,,,,,,,,,,,,,,,,,,,,,,,,,TRUE,,,,
CALL_OF_THE_VOID,CallOfTheVoid,1,,,Rare,Power,Self,,,,auto,,,,,1,,,,,,,,,,TRUE,,,,,,,,,,,,,,,,,,,,,
CALTROPS,Caltrops,1,,,Event,Power,Self,,,,auto,,,,,,,,,,,,,,,TRUE,THORNS_POWER:3(Counter),,,,,,,,,,,,,,,,,,,,
CAPACITOR,Capacitor,1,,,Uncommon,Power,Self,,,,auto,,,,,,,2,,,,,,,,TRUE,,,,,,,,,,,,,,,,,,,,,
CAPTURE_SPIRIT,CaptureSpirit,1,,,Uncommon,Skill,AnyEnemy,,,,auto,TRUE,3,,,3,,,,,,,,,,,,,,SOUL:1?,,,,,,,,,,,,,,,,,
CASCADE,Cascade,-1,,TRUE,Rare,Skill,Self,,,,no_canonical_vars,,,,,,,,,,,,,,,,,,,,,,,,,,,,,,,,,,,,
CATASTROPHE,Catastrophe,2,,,Uncommon,Skill,Self,,,,auto,,,,,2,,,,,,,,,,,,,,,,,,,,,,,,,,,,,,,
CELESTIAL_MIGHT,CelestialMight,2,,,Common,Attack,AnyEnemy,,,,auto,,6,,,,,3,,,,,,,,,,,,,,,,,,,,,,,,,,,,,
CHAOS,Chaos,1,,,Uncommon,Skill,Self,,,,auto,,,,,,,1,,,,,,,,,,,,,,,,,,,,,,,,,,,,,
CHARGE,Charge,1,,,Uncommon,Skill,Self,,,,auto,TRUE,,,,2,,,,,,,,,,,,,,,MINION_DIVE_BOMB:1?,,unfiltered:1,,,,,,,,,,,,,,
CHARGE_BATTERY,ChargeBattery,1,,,Common,Skill,Self,,,,auto,,,,7,,1,,,,,,,,,,,,,,,,,,,,,,,,,,,,,,
CHILD_OF_THE_STARS,ChildOfTheStars,1,,,Uncommon,Power,Self,,,,auto,,,,,,,,,,,,,,,TRUE,,,,,,,,,,,,,,,,,,,BlockForStars:2,,
CHILL,Chill,0,,,Uncommon,Skill,Self,Exhaust,,,no_canonical_vars,TRUE,,,,,,,,,,,,,,,,,,,,,,FrostOrb:1?,,,,,,,,,,,,,
CINDER,Cinder,2,,,Common,Attack,AnyEnemy,,,,auto,,18,,,,,,,,,,,,,,,,,,,,,,,,,,,,,TRUE,,,,,
CLASH,Clash,0,,,Event,Attack,AnyEnemy,,,,auto,,14,,,,,,,,,,,,,,,,,,,,,,,,,,,,,,,,,,
CLAW,Claw,0,,,Common,Attack,AnyEnemy,,,,auto,,3,,,,,,,,,,,,,,,,,,,,,,,,,,,,,,,,Increase:2,,
CLEANSE,Cleanse,1,,,Uncommon,Skill,Self,,,,auto,,,,,,,,,,,,,,3,,,,,,,,unfiltered:1,,,,,,,,,TRUE,,,,,
CLOAK_AND_DAGGER,CloakAndDagger,1,,,Common,Skill,Self,,,,auto,,,,6,1,,,,,,,,,,,,,,,,,,,,,,,,,,,,,,,
CLOAK_OF_STARS,CloakOfStars,0,1,,Common,Skill,Self,,,,auto,,,,7,,,,,,,,,,,,,,,,,,,,,,,,,,,,,,,,
CLUMSY,Clumsy,-1,,,Curse,Curse,None,Ethereal;Unplayable,TRUE,curse_status,no_canonical_vars,,,,,,,,,,,,,,,,,,,,,,,,,,,,,,,,,,,,
COLD_SNAP,ColdSnap,1,,,Common,Attack,AnyEnemy,,,,auto,,6,,,,,,,,,,,,,,,,,,,,,FrostOrb:1,,,,,,,,,,,,,
COLLISION_COURSE,CollisionCourse,0,,,Common,Attack,AnyEnemy,,,,auto,,10,,,,,,,,,,,,,,,,,DEBRIS:1,,,,,,,,,,,,,,,,,
COLOSSUS,Colossus,1,,,Uncommon,Skill,Self,,,,auto,,,,4,,,,,,,,,,,,,,,,,,,,,,,,,,,,,,Colossus:1,,
COMET,Comet,0,5,,Rare,Attack,AnyEnemy,,,,auto,,33,,,,,,,,,,,,,,,VULNERABLE_POWER:3(Counter);WEAK_POWER:3(Counter),,,,,,,,,,,,,,,,,,,
COMPACT,Compact,1,,,Uncommon,Skill,Self,,,,auto,TRUE,,,6,,,,,,,,,,,,,,,,FUEL:1?,,,,,,,,,,,,,,,,
COMPILE_DRIVER,CompileDriver,1,,,Common,Attack,AnyEnemy,,,,unparsed_residue,TRUE,7,,,,,,,,,,,,,,,,,,,,,,,,,,,,,,,,CalculationBaseVar:0;CalculationExtraVar:1,"new global::_003C_003Ez__ReadOnlyArray<DynamicVar>(new DynamicVar[4] { new DamageVar(7m, ValueProp.Move), new CalculationBaseVar(0m), new CalculationExtraVar(1m), new CalculatedVar(""CalculatedCards"").WithMultiplier((CardModel card, Creature? _) => (from orb in card.Owner.PlayerCombatState.OrbQueue.O",
CONCOCT,Concoct,0,,,Uncommon,Skill,AnyAlly,,TRUE,multiplayer_only,auto,,,,,,,,,,,,,,,,CONCOCT_POWER:3(Counter),,,,,,,,,,,,,,,,,,,,
CONFLAGRATION,Conflagration,1,,,Rare,Attack,AllEnemies,,,,auto,,2,,,,,4,,,,,,,,,,,,,,,,,,,,,,,,,,,,,
CONQUEROR,Conqueror,1,,,Uncommon,Skill,AnyEnemy,,,,auto,,,,,,,,,,,,3,,,,,,,,,,,,,,,,,,,,,,,,
CONSTELLATION,Constellation,0,2,,Uncommon,Skill,AnyAlly,,TRUE,multiplayer_only,auto,,,,9,1,1,,,,,,,,,,,,,,,,,,,,,,,,,,,,,,
CONSUMING_SHADOW,ConsumingShadow,2,,,Rare,Power,Self,,,,auto,TRUE,,,,,,2,,,,,,,,TRUE,CONSUMING_SHADOW_POWER:1(Counter),,,,,,,DarkOrb:1?,,,,,,,,,,,,,
CONVERGENCE,Convergence,1,,,Uncommon,Skill,Self,,,,auto,,,,,,1,,,,,,,1,,,,,,,,,,,,,,,,,,,,,,,
COOLANT,Coolant,1,,,Rare,Power,Self,,,,auto,,,,,,,,,,,,,,,TRUE,COOLANT_POWER:2(Counter),,,,,,,,,,,,,,,,,,,,
COOLHEADED,Coolheaded,1,,,Common,Skill,Self,,,,auto,,,,,1,,,,,,,,,,,,,,,,,,FrostOrb:1,,,,,,,,,,,,,
COORDINATE,Coordinate,1,,,Uncommon,Skill,AnyAlly,,TRUE,multiplayer_only,auto,,,,,,,,,,,,,,,,STRENGTH_POWER:5(Counter),,,,,,,,,,,,,,,,,,,,
CORROSIVE_WAVE,CorrosiveWave,1,,,Rare,Skill,Self,,,,auto,,,,,,,,,,,,,,,,,,,,,,,,,,,,,,,,,,CorrosiveWave:2,,
CORRUPTION,Corruption,3,,,Ancient,Power,Self,,,,auto,,,,,,,,,,,,,,,TRUE,,,,,,,,,,,,,,,,,,,Power:1,,
COSMIC_INDIFFERENCE,CosmicIndifference,1,,,Common,Skill,Self,,,,auto,,,,6,,,,,,,,,,,,,,,,,,unfiltered:1,,,,,,,,,,,,,,
COUNTDOWN,Countdown,1,,,Uncommon,Power,Self,,,,auto,,,,,,,,,,,,,,,TRUE,COUNTDOWN_POWER:6(Counter),,,,,,,,,,,,,,,,,,,,
CRASH_LANDING,CrashLanding,1,,,Rare,Attack,AllEnemies,,,,auto,TRUE,21,,,,,,,,,,,,,,,,,DEBRIS:1?,,,,,,,,,,,,,,,,,
CREATIVE_AI,CreativeAi,3,,,Rare,Power,Self,,,,auto,,,,,,,,,,,,,,,TRUE,,,,,,,,,,,,,,,,,,,CreativeAi:1,,
CRESCENT_SPEAR,CrescentSpear,1,1,,Common,Attack,AnyEnemy,,,,unparsed_residue,TRUE,,2,,,,,,,,,,,,,,,,,,,,,,,,,,,,,,,CalculationBaseVar:8,"new global::_003C_003Ez__ReadOnlyArray<DynamicVar>(new DynamicVar[3] { new CalculationBaseVar(8m), new ExtraDamageVar(2m), new CalculatedDamageVar(ValueProp.Move).WithMultiplier((CardModel card, Creature? _) => card.Owner.PlayerCombatState.AllCards.Count((CardModel c) => c.CanonicalStarCost >= 0 || ",
CRIMSON_MANTLE,CrimsonMantle,1,,,Rare,Power,Self,,,,auto,,,,,,,,,,,,,,,TRUE,CRIMSON_MANTLE_POWER:7(Counter),,,,,,,,,,,,,,,,,,,,
CRUELTY,Cruelty,1,,,Uncommon,Power,Self,,,,auto,,,,,,,,,,,,,,,TRUE,CRUELTY_POWER:25(Counter),,,,,,,,,,,,,,,,,,,,
CRUSH_UNDER,CrushUnder,1,,,Common,Attack,AllEnemies,,,,auto,,7,,,,,,,,,,,,,,,,,,,,,,,,,,,,,,,,StrengthLoss:1,,
CURSE_OF_THE_BELL,CurseOfTheBell,-1,,,Curse,Curse,None,Eternal;Unplayable,TRUE,curse_status,no_canonical_vars,,,,,,,,,,,,,,,,,,,,,,,,,,,,,,,,,,,,
DAGGER_SPRAY,DaggerSpray,1,,,Common,Attack,AllEnemies,,,,auto,,4,,,,,,,,,,,,,,,,,,,,,,,,,,,,,,,,,,
DAGGER_THROW,DaggerThrow,1,,,Common,Attack,AnyEnemy,,,,auto,,9,,,,,,,,,,,,,,,,,,,,,,,,,,,,,,TRUE,,,,
DANSE_MACABRE,DanseMacabre,1,,,Uncommon,Power,Self,,,,auto,,,,,,2,,,,,,,,,TRUE,DANSE_MACABRE_POWER:4(Counter),,,,,,,,,,,,,,,,,,,,
DARKNESS,Darkness,1,,,Uncommon,Skill,Self,,,,no_canonical_vars,,,,,,,,,,,,,,,,,,,,,,,DarkOrb:1,,,,,,,,,,,,,
DARK_EMBRACE,DarkEmbrace,2,,,Rare,Power,Self,,,,no_canonical_vars,,,,,,,,,,,,,,,TRUE,,,,,,,,,,,,,,,,,,,,,
DARK_SHACKLES,DarkShackles,0,,,Uncommon,Skill,AnyEnemy,Exhaust,,,auto,,,,,,,,,,,,,,,,,,,,,,,,,,,,,,,,,,StrengthLoss:9,,
DASH,Dash,2,,,Uncommon,Attack,AnyEnemy,,,,auto,,10,,10,,,,,,,,,,,,,,,,,,,,,,,,,,,,,,,,
DAZED,Dazed,-1,,,Status,Status,None,Ethereal;Unplayable,TRUE,curse_status,no_canonical_vars,,,,,,,,,,,,,,,,,,,,,,,,,,,,,,,,,,,,
DEADLY_POISON,DeadlyPoison,1,,,Common,Skill,AnyEnemy,,,,auto,,,,,,,,,,,,,,,,,POISON_POWER:5(Counter),,,,,,,,,,,,,,,,,,,
DEATHBRINGER,Deathbringer,2,,,Uncommon,Skill,AllEnemies,,,,auto,,,,,,,,,,,,,,,,,DOOM_POWER:21(Counter);WEAK_POWER:1(Counter),,,,,,,,,,,,,,,,,,,
DEATHS_DOOR,DeathsDoor,1,,,Uncommon,Skill,Self,,,,auto,,,,6,,,2,,,,,,,,,,,,,,,,,,,,,,,,,,,,,
DEATH_MARCH,DeathMarch,1,,,Uncommon,Attack,AnyEnemy,,,,unparsed_residue,TRUE,,4,,,,,,,,,,,,,,,,,,,,,,,,,,,,,,,CalculationBaseVar:8,"new global::_003C_003Ez__ReadOnlyArray<DynamicVar>(new DynamicVar[3] { new CalculationBaseVar(8m), new ExtraDamageVar(4m), new CalculatedDamageVar(ValueProp.Move).WithMultiplier((CardModel card, Creature? _) => CombatManager.Instance.History.Entries.OfType<CardDrawnEntry>().Count((CardDrawnEntry e) ",
DEBILITATE,Debilitate,1,,,Uncommon,Attack,AnyEnemy,,,,auto,,10,,,,,,,,,,,,,,,DEBILITATE_POWER:2(Counter),,,,,,,,,,,,,,,,,,,
DEBRIS,Debris,1,,,Status,Status,None,Exhaust,TRUE,curse_status,no_canonical_vars,,,,,,,,,,,,,,,,,,,,,,,,,,,,,,,,,,,,
DEBT,Debt,-1,,,Curse,Curse,None,Unplayable,TRUE,curse_status,auto,,,,,,,,,10,,,,,,,,,,,,,,,,,,,,,,,,,,,
DECAY,Decay,-1,,,Curse,Curse,None,Unplayable,TRUE,curse_status,auto,,2,,,,,,,,,,,,,,,,,,,,,,,,,,,,,,,,,,
DECISIONS_DECISIONS,DecisionsDecisions,0,6,,Rare,Skill,Self,Exhaust,,,auto,,,,,3,,3,,,,,,,,,,,,,,,type:Skill:1,,,,,,,,,,,,,,
DEFEND_DEFECT,DefendDefect,1,,,Basic,Skill,Self,,,,auto,,,,5,,,,,,,,,,,,,,,,,,,,,,,Defend,,,,,,,,,
DEFEND_IRONCLAD,DefendIronclad,1,,,Basic,Skill,Self,,,,auto,,,,5,,,,,,,,,,,,,,,,,,,,,,,Defend,,,,,,,,,
DEFEND_NECROBINDER,DefendNecrobinder,1,,,Basic,Skill,Self,,,,auto,,,,5,,,,,,,,,,,,,,,,,,,,,,,Defend,,,,,,,,,
DEFEND_REGENT,DefendRegent,1,,,Basic,Skill,Self,,,,auto,,,,5,,,,,,,,,,,,,,,,,,,,,,,Defend,,,,,,,,,
DEFEND_SILENT,DefendSilent,1,,,Basic,Skill,Self,,,,auto,,,,5,,,,,,,,,,,,,,,,,,,,,,,Defend,,,,,,,,,
DEFILE,Defile,1,,,Common,Attack,AnyEnemy,Ethereal,,,auto,,13,,,,,,,,,,,,,,,,,,,,,,,,,,,,,,,,,,
DEFLECT,Deflect,0,,,Common,Skill,Self,,,,auto,,,,4,,,,,,,,,,,,,,,,,,,,,,,,,,,,,,,,
DEFRAGMENT,Defragment,1,,,Rare,Power,Self,,,,auto,,,,,,,,,,,,,,,TRUE,FOCUS_POWER:1(Counter),,,,,,,,,,,,,,,,,,,,
DEFY,Defy,1,,,Common,Skill,AnyEnemy,Ethereal,,,auto,,,,6,,,,,,,,,,,,,WEAK_POWER:1(Counter),,,,,,,,,,,,,,,,,,,
DELAY,Delay,2,,,Uncommon,Skill,Self,,,,auto,,,,11,,1,,,,,,,,,,,,,,,,,,,,,,,,,,,,,,
DEMESNE,Demesne,3,,,Rare,Power,Self,Ethereal,,,auto,,,,,1,1,,,,,,,,,TRUE,,,,,,,,,,,,,,,,,,,,,
DEMONIC_SHIELD,DemonicShield,0,,,Uncommon,Skill,AnyAlly,Exhaust,TRUE,multiplayer_only,unparsed_residue,,,,,,,,,,,1,,,,,,,,,,,,,,,,,,,,,,,CalculationBaseVar:0;CalculationExtraVar:1,"new global::_003C_003Ez__ReadOnlyArray<DynamicVar>(new DynamicVar[4] { new CalculationBaseVar(0m), new HpLossVar(1m), new CalculationExtraVar(1m), new CalculatedBlockVar(ValueProp.Move).WithMultiplier((CardModel card, Creature? _) => card.Owner.Creature.Block) })",
DEMON_FORM,DemonForm,3,,,Rare,Power,Self,,,,auto,,,,,,,,,,,,,,,TRUE,STRENGTH_POWER:3(Counter),,,,,,,,,,,,,,,,,,,,
DEPRECATED_CARD,DeprecatedCard,0,,,Status,Status,None,Exhaust,TRUE,curse_status,no_canonical_vars,,,,,,,,,,,,,,,,,,,,,,,,,,,,,,,,,,,,
DEVASTATE,Devastate,1,4,,Uncommon,Attack,AnyEnemy,,,,auto,,35,,,,,,,,,,,,,,,,,,,,,,,,,,,,,,,,,,
DEVOUR_LIFE,DevourLife,1,,,Rare,Power,Self,,,,auto,,,,,,,,,,,,,,,TRUE,DEVOUR_LIFE_POWER:1(Counter),,,,,,,,,,,,,,,,,,,,
DIRGE,Dirge,0,,TRUE,Uncommon,Skill,Self,Exhaust,,,auto,TRUE,,,,,,,,,,,,,3,,,,,SOUL:1?,,,,,,,,,,,,,,,,,
DISCOVERY,Discovery,1,,,Uncommon,Skill,Self,Exhaust,,,no_canonical_vars,,,,,,,,,,,,,,,,,,,,,unfiltered:1,,,,,,,,,,,,,,,
DISINTEGRATION,Disintegration,-1,,,Status,Status,None,,TRUE,curse_status,auto,,,,,,,,,,,,,,,,,DISINTEGRATION_POWER:6(Counter),,,,,,,,,,,,,,,,,,,
DISMANTLE,Dismantle,1,,,Uncommon,Attack,AnyEnemy,,,,auto,,8,,,,,,,,,,,,,,,,,,,,,,VULNERABLE_POWER,,,,,,,,,,,,
DISTRACTION,Distraction,1,,,Event,Skill,Self,Exhaust,,,no_canonical_vars,,,,,,,,,,,,,,,,,,,,,type:Skill:1,,,,,,,,,,,,,,,
DODGE_AND_ROLL,DodgeAndRoll,1,,,Common,Skill,Self,,,,auto,,,,4,,,,,,,,,,,,,,,,,,,,,,,,,,,,,,,,
DOMINATE,Dominate,1,,,Rare,Skill,AnyEnemy,Exhaust,,,auto,,,,,,,,,,,,,,,,,VULNERABLE_POWER:1(Counter),,,,,,,VULNERABLE_POWER,,,,,,,,,,StrengthPerVulnerable:1,,
DOUBLE_ENERGY,DoubleEnergy,1,,,Uncommon,Skill,Self,Exhaust,,,no_canonical_vars,,,,,,1.5,,,,,,,,,,,,,,,,,,,,,,,,,,,,,,
DOUBT,Doubt,-1,,,Curse,Curse,None,Unplayable,TRUE,curse_status,auto,,,,,,,,,,,,,,,,,WEAK_POWER:1(Counter),,,,,,,,WEAK_POWER,,,,,,,,,,,
DOWSING,Dowsing,-1,,,Quest,Quest,None,Unplayable,,,auto,,,,,,,,,,,,,,,,,,,,ABUNDANCE:1,,,,,,,,,,,,,,Rooms:5,,
DRAIN_POWER,DrainPower,1,,,Common,Attack,AnyEnemy,,,,auto,,10,,,2,,,,,,,,,,,,,,,,,,,,,,,,,,,,,,,
DRAMATIC_ENTRANCE,DramaticEntrance,0,,,Uncommon,Attack,AllEnemies,Exhaust;Innate,,,auto,,11,,,,,,,,,,,,,,,,,,,,,,,,,,,,,,,,,,
DREDGE,Dredge,1,,,Uncommon,Skill,Self,Exhaust,,,auto,,,,,3,,,,,,,,,,,,,,,,,unfiltered:1,,,,,,,,,,,,,,
DRUM_OF_BATTLE,DrumOfBattle,1,,,Uncommon,Skill,Self,,,,auto,,,,,2,2,,,,,,,,,,,,,,,,,,,,,,,,,,,,,,
DUALCAST,Dualcast,1,,,Basic,Skill,Self,,,,no_canonical_vars,,,,,,,,,,,,,,,,,,,,,,,,,,2,,,,,,,,,,
DUAL_WIELD,DualWield,1,,,Event,Skill,Self,,,,auto,,,,,1,,,,,,,,,,,,,,,,,unfiltered:1,,,,,,,,,,,,,,
DYING_STAR,DyingStar,1,3,,Rare,Attack,AllEnemies,Ethereal,,,auto,,9,,,,,,,,,,,,,,,,,,,,,,,,,,,,,,,,StrengthLoss:9,,
ECHOING_SLASH,EchoingSlash,1,,,Rare,Attack,AllEnemies,,,,auto,,10,,,,,,,,,,,,,,,,,,,,,,,,,,,,,,,,,,
ECHO_FORM,EchoForm,3,,,Rare,Power,Self,Ethereal,,,auto,,,,,,,,,,,,,,,TRUE,,,,,,,,,,,,,,,,,,,EchoForm:1,,
EIDOLON,Eidolon,2,,,Rare,Skill,Self,Exhaust,,,no_canonical_vars,TRUE,,,,,,,,,,,,,,,,,,,,,,,,,,,,,,,,,,,
END_OF_DAYS,EndOfDays,3,,,Rare,Skill,AllEnemies,,,,auto,,,,,,,,,,,,,,,,,DOOM_POWER:29(Counter),,,,,,,,,,,,,,,,,,,
ENERGY_SURGE,EnergySurge,1,,,Uncommon,Skill,AllAllies,Exhaust,TRUE,multiplayer_only,auto,,,,,,2,,,,,,,,,,,,,,,,,,,,,,,,,,,,,,
ENFEEBLING_TOUCH,EnfeeblingTouch,1,,,Uncommon,Skill,AnyEnemy,Ethereal,,,auto,,,,,,,,,,,,,,,,,,,,,,,,,,,,,,,,,,StrengthLoss:8,,
ENLIGHTENMENT,Enlightenment,0,,,Event,Skill,Self,Exhaust,,,no_canonical_vars,TRUE,,,,,,,,,,,,,,,,,,,,,,,,,,,,,,,,,,,
ENTHRALLED,Enthralled,2,,,Curse,Curse,None,Eternal,TRUE,curse_status,no_canonical_vars,,,,,,,,,,,,,,,,,,,,,,,,,,,,,,,,,,,,
ENTRENCH,Entrench,2,,,Event,Skill,Self,,,,no_canonical_vars,TRUE,,,,,,,,,,,,,,,,,,,,,,,,,,,,,,,,,,,
ENTROPY,Entropy,1,,,Rare,Power,Self,,,,auto,,,,,1,,,,,,,,,,TRUE,,,,,,,,,,,,,,,,,,,,,
ENVENOM,Envenom,2,,,Rare,Power,Self,,,,auto,,,,,,,,,,,,,,,TRUE,ENVENOM_POWER:1(Counter),,,,,,,,,,,,,,,,,,,,
EQUILIBRIUM,Equilibrium,2,,,Uncommon,Skill,Self,,,,auto,,,,13,,,,,,,,,,,,,,,,,,,,,,,,,,,,,,Equilibrium:1,,
ERADICATE,Eradicate,0,,TRUE,Rare,Attack,AnyEnemy,Retain,,,auto,,11,,,,,,,,,,,,,,,,,,,,,,,,,,,,,,,,,,
ESCAPE_PLAN,EscapePlan,0,,,Uncommon,Skill,Self,,,,auto,,,,3,,,,,,,,,,,,,,,,,,,,,,,,,,,,,,,,
ETERNAL_ARMOR,EternalArmor,3,,,Rare,Power,Self,,,,auto,,,,,,,,,,,,,,,TRUE,PLATING_POWER:9(Counter),,,,,,,,,,,,,,,,,,,,
EVIL_EYE,EvilEye,1,,,Uncommon,Skill,Self,,,,auto,,,,8,,,,,,,,,,,,,,,,,,,,,,,,,,,,,,,,
EXPECT_AFIGHT,ExpectAFight,2,,,Uncommon,Skill,Self,,,,unparsed_residue,TRUE,,,,,0,,,,,,,,,,,,,,,,,,,,,,,,,,,,CalculationBaseVar:0;CalculationExtraVar:1,"new global::_003C_003Ez__ReadOnlyArray<DynamicVar>(new DynamicVar[4] { new EnergyVar(0), new CalculationBaseVar(0m), new CalculationExtraVar(1m), new CalculatedVar(""CalculatedEnergy"").WithMultiplier((CardModel card, Creature? _) => PileType.Hand.GetPile(card.Owner).Cards.Count((CardModel c) => c.Typ",
EXPERTISE,Expertise,1,,,Uncommon,Skill,Self,,,,auto,,,,,2,,,,,,,,,,,,,,,,,,,,,,,,,,,,,,,
EXPOSE,Expose,0,,,Uncommon,Skill,AnyEnemy,Exhaust,,,auto,,,,,,,,,,,,,,,,,,,,,,,,,,,,,,,,,,Power:2,,
EXTERMINATE,Exterminate,1,,,Event,Attack,AllEnemies,,,,auto,,3,,,,,4,,,,,,,,,,,,,,,,,,,,,,,,,,,,,
FADE,Fade,0,,,Uncommon,Skill,AnyAlly,Retain,TRUE,multiplayer_only,auto,,,,,,,,,,,,,,,,DEXTERITY_POWER:6(Counter),,,,,,,,,,,,,,,,,,,,
FALLING_STAR,FallingStar,0,2,,Basic,Attack,AnyEnemy,,,,auto,,8,,,,,,,,,,,,,,,VULNERABLE_POWER:1(Counter);WEAK_POWER:1(Counter),,,,,,,,,,,,,,,,,,,
FAN_OF_KNIVES,FanOfKnives,2,,,Rare,Power,Self,,,,auto,,,,,4,,,,,,,,,,TRUE,,,,,,,,,,,,,,,,,,,,,
FASTEN,Fasten,1,,,Uncommon,Power,Self,,,,auto,,,,,,,,,,,,,,,TRUE,,,,,,,,,,,,,Defend,,,,,,ExtraBlock:4,,
FEAR,Fear,1,,,Common,Attack,AnyEnemy,Ethereal,,,auto,,7,,,,,,,,,,,,,,,VULNERABLE_POWER:1(Counter),,,,,,,,,,,,,,,,,,,
FEED,Feed,1,,,Rare,Attack,AnyEnemy,Exhaust,,,auto,,10,,,,,,,,3,,,,,,,,,,,,,,,,,,,,,,,,,,
FEEDING_FRENZY,FeedingFrenzy,0,,,Event,Skill,Self,,,,auto,,,,,,,,,,,,,,,,STRENGTH_POWER:5(Counter),,,,,,,,,,,,,,,,,,,,
FEEL_NO_PAIN,FeelNoPain,1,,,Uncommon,Power,Self,,,,auto,,,,,,,,,,,,,,,TRUE,,,,,,,,,,,,,,,,,,,Power:3,,
FERAL,Feral,2,,,Uncommon,Power,Self,,,,auto,,,,,,,,,,,,,,,TRUE,FERAL_POWER:1(Counter),,,,,,,,,,,,,,,,,,,,
FETCH,Fetch,0,,,Uncommon,Attack,AnyEnemy,,,,auto,,3,,,1,,,,,,,,,,,,,,,,,,,,,,OstyAttack,,,,,,,,,
FIEND_FIRE,FiendFire,2,,,Rare,Attack,AnyEnemy,Exhaust,,,auto,,7,,,,,,,,,,,,,,,,,,,,,,,,,,,,,TRUE,,,,,
FIGHT_ME,FightMe,2,,,Uncommon,Attack,AnyEnemy,,,,auto,,5,,,,,2,,,,,,,,,STRENGTH_POWER:3(Counter),,,,,,,,,,,,,,,,,,EnemyStrength:1,,
FIGHT_THROUGH,FightThrough,1,,,Uncommon,Skill,Self,,,,auto,,,,13,,,,,,,,,,,,,,,WOUND:2,,,,,,,,,,,,,,,,,
FINESSE,Finesse,0,,,Uncommon,Skill,Self,,,,auto,,,,4,1,,,,,,,,,,,,,,,,,,,,,,,,,,,,,,,
FINISHER,Finisher,1,,,Uncommon,Attack,AnyEnemy,,,,unparsed_residue,TRUE,6,,,,,,,,,,,,,,,,,,,,,,,,,,,,,,,,CalculationBaseVar:0;CalculationExtraVar:1,"new global::_003C_003Ez__ReadOnlyArray<DynamicVar>(new DynamicVar[4] { new DamageVar(6m, ValueProp.Move), new CalculationBaseVar(0m), new CalculationExtraVar(1m), new CalculatedVar(""CalculatedHits"").WithMultiplier((CardModel card, Creature? _) => CombatManager.Instance.History.CardPlaysFinished.Coun",
FISTICUFFS,Fisticuffs,1,,,Uncommon,Attack,AnyEnemy,,,,auto,,7,,,,,,,,,,,,,,,,,,,,,,,,,,,,,,,,,,
FLAK_CANNON,FlakCannon,2,,,Rare,Attack,RandomEnemy,,,,unparsed_residue,TRUE,8,,,,,,,,,,,,,,,,,,,,,,,,,,,,,TRUE,,,CalculationBaseVar:0;CalculationExtraVar:1,"new global::_003C_003Ez__ReadOnlyArray<DynamicVar>(new DynamicVar[4] { new DamageVar(8m, ValueProp.Move), new CalculationBaseVar(0m), new CalculationExtraVar(1m), new CalculatedVar(""CalculatedHits"").WithMultiplier((CardModel card, Creature? _) => GetStatuses(card.Owner).Count()) })",
FLAME_BARRIER,FlameBarrier,2,,,Uncommon,Skill,Self,,,,auto,,,,12,,,,,,,,,,,,,,,,,,,,,,,,,,,,,,DamageBack:4,,
FLANKING,Flanking,2,,,Rare,Skill,AnyEnemy,,TRUE,multiplayer_only,no_canonical_vars,,,,,,,,,,,,,,,,,,,,,,,,,,,,,,,,,,,,
FLASH_OF_STEEL,FlashOfSteel,0,,,Uncommon,Attack,AnyEnemy,,,,auto,,5,,,1,,,,,,,,,,,,,,,,,,,,,,,,,,,,,,,
FLATTEN,Flatten,2,,,Common,Attack,AnyEnemy,,,,auto,,12,,,,,,,,,,,,,,,,,,,,,,,,,OstyAttack,,,,,,,,,
FLECHETTES,Flechettes,1,,,Uncommon,Attack,AnyEnemy,,,,unparsed_residue,TRUE,5,,,,,,,,,,,,,,,,,,,,,,,,,,,,,,,,CalculationBaseVar:0;CalculationExtraVar:1,"new global::_003C_003Ez__ReadOnlyArray<DynamicVar>(new DynamicVar[4] { new DamageVar(5m, ValueProp.Move), new CalculationBaseVar(0m), new CalculationExtraVar(1m), new CalculatedVar(""CalculatedHits"").WithMultiplier((CardModel card, Creature? _) => PileType.Hand.GetPile(card.Owner).Cards.Count((CardMo",
FLICK_FLACK,FlickFlack,1,,,Common,Attack,AllEnemies,Sly,,,auto,,7,,,,,,,,,,,,,,,,,,,,,,,,,,,,,,,TRUE,,,
FOCUSED_STRIKE,FocusedStrike,1,,,Common,Attack,AnyEnemy,,,,auto,,9,,,,,,,,,,,,,,FOCUS_POWER:1(Counter),,,,,,,,,,,Strike,,,,,,,,,
FOLLY,Folly,-1,,,Curse,Curse,None,Eternal;Ethereal;Innate;Unplayable,TRUE,curse_status,no_canonical_vars,,,,,,,,,,,,,,,,,,,,,,,,,,,,,,,,,,,,
FOOTWORK,Footwork,1,,,Uncommon,Power,Self,,,,auto,,,,,,,,,,,,,,,TRUE,DEXTERITY_POWER:2(Counter),,,,,,,,,,,,,,,,,,,,
FORBIDDEN_GRIMOIRE,ForbiddenGrimoire,2,,,Ancient,Power,Self,Eternal,,,no_canonical_vars,,,,,,,,,,,,,,,TRUE,,,,,,,,,,,,,,,,,,,,,
FOREGONE_CONCLUSION,ForegoneConclusion,1,,,Rare,Skill,Self,,,,auto,,,,,2,,,,,,,,,,,,,,,,,,,,,,,,,,,,,,,
FORGOTTEN_RITUAL,ForgottenRitual,1,,,Uncommon,Skill,Self,Exhaust,,,auto,,,,,,3,,,,,,,,,,,,,,,,,,,,,,,,,,,,,,
FRANTIC_ESCAPE,FranticEscape,1,,,Status,Status,Self,,TRUE,curse_status,no_canonical_vars,,,,,,,,,,,,,,,,,,,,,,,,SANDPIT_POWER,,,,,,,,,,,,
FRIENDSHIP,Friendship,1,,,Uncommon,Power,Self,,,,auto,,,,,,1,,,,,,,,,TRUE,STRENGTH_POWER:2(Counter),,,,,,,,,,,,,,,,,,,,
FTL,Ftl,0,,,Uncommon,Attack,AnyEnemy,,,,auto,,5,,,1,,,,,,,,,,,,,,,,,,,,,,,,,,,,,IntVar:3,,
FUEL,Fuel,0,,,Token,Skill,Self,Exhaust,,,auto,,,,,,1,,,,,,,,,,,,,,,,,,,,,,,,,,,,,,
FURNACE,Furnace,1,,,Uncommon,Power,Self,,,,auto,,,,,,,,,,,,5,,,TRUE,,,,,,,,,,,,,,,,,,,,,
FUSION,Fusion,1,,,Uncommon,Skill,Self,Exhaust,,,no_canonical_vars,,,,,,,,,,,,,,,,,,,,,,,PlasmaOrb:1,,,,,,,,,,,,,
GAMMA_BLAST,GammaBlast,0,3,,Uncommon,Attack,AnyEnemy,,,,auto,,13,,,,,,,,,,,,,,,VULNERABLE_POWER:2(Counter);WEAK_POWER:2(Counter),,,,,,,,,,,,,,,,,,,
GANG_UP,GangUp,1,,,Uncommon,Attack,AnyEnemy,,TRUE,multiplayer_only,unparsed_residue,,,5,,,,,,,,,,,,,,,,,,,,,,,,,,,,,,,CalculationBaseVar:5,"new global::_003C_003Ez__ReadOnlyArray<DynamicVar>(new DynamicVar[3] { new CalculationBaseVar(5m), new ExtraDamageVar(5m), new CalculatedDamageVar(ValueProp.Move).WithMultiplier((CardModel card, Creature? target) => CombatManager.Instance.History.Entries.OfType<DamageReceivedEntry>().Count((DamageRe",
GATHER_LIGHT,GatherLight,1,,,Common,Skill,Self,,,,auto,,,,8,,,,,,,,,1,,,,,,,,,,,,,,,,,,,,,,,
GENESIS,Genesis,2,,,Rare,Power,Self,,,,auto,,,,,,,,,,,,,,,TRUE,,,,,,,,,,,,,,,,,,,StarsPerTurn:2,,
GENETIC_ALGORITHM,GeneticAlgorithm,1,,,Rare,Skill,Self,Exhaust,,,unparsed_residue,TRUE,,,,,,,,,,,,,,,,,,,,,,,,,,,,,,,,,IntVar:3,"new global::_003C_003Ez__ReadOnlyArray<DynamicVar>(new DynamicVar[2] { new BlockVar(CurrentBlock, ValueProp.Move), new IntVar(""Increase"", 3m) })",
GIANT_ROCK,GiantRock,1,,,Token,Attack,AnyEnemy,,,,auto,,20,,,,,,,,,,,,,,,,,,,,,,,,,,,,,,,,,,
GLACIER,Glacier,2,,,Uncommon,Skill,Self,,,,auto,,,,6,,,,,,,,,,,,,,,,,,,FrostOrb:2,,,,,,,,,,,,,
GLASSWORK,Glasswork,1,,,Uncommon,Skill,Self,,,,auto,,,,5,,,,,,,,,,,,,,,,,,,GlassOrb:1,,,,,,,,,,,,,
GLIMMER,Glimmer,1,,,Uncommon,Skill,Self,,,,auto,,,,,3,,,,,,,,,,,,,,,,,unfiltered:1,,,,,,,,,,,,PutBack:1,,
GLIMPSE_BEYOND,GlimpseBeyond,1,,,Rare,Skill,AllAllies,Exhaust,TRUE,multiplayer_only,auto,,,,,3,,,,,,,,,,,,,,SOUL:1?,,,,,,,,,,,,,,,,,
GLITTERSTREAM,Glitterstream,2,,,Common,Skill,Self,,,,auto,,,,16,,,,,,,,,,,,,,,,,,,,,,,,,,,,,,,,
GLOW,Glow,1,,,Common,Skill,Self,,,,auto,,,,,1,,,,,,,,1,,,,,,,,,,,,,,,,,,,,,,,
GOLD_AXE,GoldAxe,1,,,Rare,Attack,AnyEnemy,,,,unparsed_residue,TRUE,,1,,,,,,,,,,,,,,,,,,,,,,,,,,,,,,,CalculationBaseVar:0,"new global::_003C_003Ez__ReadOnlyArray<DynamicVar>(new DynamicVar[3] { new CalculationBaseVar(0m), new ExtraDamageVar(1m), new CalculatedDamageVar(ValueProp.Move).WithMultiplier((CardModel _, Creature? _) => CombatManager.Instance.History.CardPlaysFinished.Count()) })",
GO_FOR_THE_EYES,GoForTheEyes,0,,,Common,Attack,AnyEnemy,,,,auto,,3,,,,,,,,,,,,,,,WEAK_POWER:1(Counter),,,,,,,,,,,,,,,,,,,
GRAND_FINALE,GrandFinale,0,,,Rare,Attack,AllEnemies,,,,auto,,60,,,,,,,,,,,,,,,,,,,,,,,,,,,,,,,,,,
GRAVEBLAST,Graveblast,1,,,Common,Attack,AnyEnemy,Exhaust,,,auto,,4,,,,,,,,,,,,,,,,,,,,unfiltered:1,,,,,,,,,,,,,,
GRAVE_WARDEN,GraveWarden,1,,,Common,Skill,Self,,,,auto,TRUE,,,8,1,,,,,,,,,,,,,,SOUL:1?,,,,,,,,,,,,,,,,,
GREED,Greed,-1,,,Curse,Curse,None,Eternal;Unplayable,TRUE,curse_status,no_canonical_vars,,,,,,,,,,,,,,,,,,,,,,,,,,,,,,,,,,,,
GUARDS,Guards,2,,,Rare,Skill,Self,Exhaust,,,no_canonical_vars,TRUE,,,,,,,,,,,,,,,,,,,MINION_SACRIFICE:1?,,unfiltered:1,,,,,,,,,,,,,,
GUIDING_STAR,GuidingStar,1,2,,Common,Attack,AnyEnemy,,,,auto,,12,,,2,,,,,,,,,,,,,,,,,,,,,,,,,,,,,,,
GUILTY,Guilty,-1,,,Curse,Curse,None,Unplayable,TRUE,curse_status,auto,,,,,,,,,,,,,,,,,,,,,,,,,,,,,,,,,,Combats:5,,
GUNK_UP,GunkUp,1,,,Common,Attack,AnyEnemy,,,,auto,,4,,,,,3,,,,,,,,,,,,SLIMED:1,,,,,,,,,,,,,,,,,
HAILSTORM,Hailstorm,1,,,Uncommon,Power,Self,,,,auto,,,,,,,,,,,,,,,TRUE,HAILSTORM_POWER:6(Counter),,,,,,,,,,,,,,,,,,,,
HAMMER_TIME,HammerTime,2,,,Rare,Power,Self,,TRUE,multiplayer_only,no_canonical_vars,,,,,,,,,,,,,,,TRUE,,,,,,,,,,,,,,,,,,,,,
HAND_OF_GREED,HandOfGreed,2,,,Rare,Attack,AnyEnemy,,,,auto,,20,,,,,,,,,,,,,,,,,,,,,,,,,,,,,,,,Gold:20,,
HAND_TRICK,HandTrick,1,,,Uncommon,Skill,Self,,,,auto,,,,7,,,,,,,,,,,,,,,,,,unfiltered:1,,,,,,,,,,,,,,
HANG,Hang,1,,,Rare,Attack,AnyEnemy,,,,auto,,10,,,,,,,,,,,,,,,,,,,,,,HANG_POWER,,,,,,,,,,,,
HAUNT,Haunt,1,,,Uncommon,Power,Self,,,,auto,,,,,,,,,,,7,,,,TRUE,,,,,,,,,,,,,,,,,,,,,
HAVOC,Havoc,1,,,Common,Skill,Self,,,,no_canonical_vars,TRUE,,,,,,,,,,,,,,,,,,,,,,,,,,,,,,,,,,,
HAZE,Haze,3,,,Uncommon,Skill,AllEnemies,Sly,,,auto,,,,,,,,,,,,,,,,,POISON_POWER:4(Counter),,,,,,,,,,,,,,,,TRUE,,,
HEADBUTT,Headbutt,1,,,Common,Attack,AnyEnemy,,,,auto,,9,,,,,,,,,,,,,,,,,,,,unfiltered:1,,,,,,,,,,,,,,
HEAVENLY_DRILL,HeavenlyDrill,0,,TRUE,Rare,Attack,AnyEnemy,,,,auto,,8,,,,4,,,,,,,,,,,,,,,,,,,,,,,,,,,,,,
HEGEMONY,Hegemony,2,,,Uncommon,Attack,AnyEnemy,,,,auto,,15,,,,2,,,,,,,,,,,,,,,,,,,,,,,,,,,,,,
HEIRLOOM_HAMMER,HeirloomHammer,2,,,Rare,Attack,AnyEnemy,,,,auto,,20,,,,,1,,,,,,,,,,,,,,,unfiltered:1,,,,,,,,,,,,,,
HELIX_DRILL,HelixDrill,0,,,Rare,Attack,AnyEnemy,,,,unparsed_residue,TRUE,3,,,,,,,,,,,,,,,,,,,,,,,,,,,,,,,,CalculationBaseVar:0;CalculationExtraVar:1,"new global::_003C_003Ez__ReadOnlyArray<DynamicVar>(new DynamicVar[4] { new DamageVar(3m, ValueProp.Move), new CalculationBaseVar(0m), new CalculationExtraVar(1m), new CalculatedVar(""CalculatedHits"").WithMultiplier(delegate(CardModel card, Creature? _) { if (card.Pile == null) { return 0m; } int num ",
HELLO_WORLD,HelloWorld,1,,,Event,Power,Self,,,,no_canonical_vars,,,,,,,,,,,,,,,TRUE,,,,,,,,,,,,,,,,,,,,,
HELLRAISER,Hellraiser,2,,,Rare,Power,Self,,,,no_canonical_vars,,,,,,,,,,,,,,,TRUE,,,,,,,,,,,,,,,,,,,,,
HEMOKINESIS,Hemokinesis,1,,,Uncommon,Attack,AnyEnemy,,,,auto,,15,,,,,,,,,2,,,,,,,,,,,,,,,,,,,,,,,,,
HIBERNATE,Hibernate,2,,,Uncommon,Skill,Self,,TRUE,multiplayer_only,auto,,,,,,,2,,,,,,,,,,,,,,,,FrostOrb:1?,,,,,,,,,,,,,
HIDDEN_CACHE,HiddenCache,1,,,Common,Skill,Self,,,,auto,,,,,,,,,,,,,1,,,STAR_NEXT_TURN_POWER:3(Counter),,,,,,,,,,,,,,,,,,,,
HIDDEN_DAGGERS,HiddenDaggers,0,,,Uncommon,Skill,Self,,,,auto,,,,,2,,,,,,,,,,,,,,,,,,,,,,,,,,,TRUE,,Shivs:2,,
HIDDEN_GEM,HiddenGem,1,,,Rare,Skill,Self,,,,auto,,,,,,,,,,,,,,,,,,,,,,,,,,,,,,,,,,IntVar:2,,
HIGH_FIVE,HighFive,2,,,Uncommon,Attack,AllEnemies,,,,auto,,11,,,,,,,,,,,,,,,VULNERABLE_POWER:2(Counter),,,,,,,,,,OstyAttack,,,,,,,,,
HOLOGRAM,Hologram,1,,,Common,Skill,Self,Exhaust,,,auto,,,,3,,,,,,,,,,,,,,,,,,unfiltered:1,,,,,,,,,,,,,,
HOTFIX,Hotfix,0,,,Common,Skill,Self,Exhaust,,,auto,,,,,,,,,,,,,,,,FOCUS_POWER:2(Counter),,,,,,,,,,,,,,,,,,,,
HOWL_FROM_BEYOND,HowlFromBeyond,3,,,Uncommon,Attack,AllEnemies,,,,auto,,18,,,,,,,,,,,,,,,,,,,,,,,,,,,,,,,,,,
HUDDLE_UP,HuddleUp,1,,,Uncommon,Skill,AllAllies,Exhaust,TRUE,multiplayer_only,auto,,,,,2,,,,,,,,,,,,,,,,,,,,,,,,,,,,,,,
HYPERBEAM,Hyperbeam,2,,,Rare,Attack,AllEnemies,,,,auto,,30,,,,,,,,,,,,,,FOCUS_POWER:3(Counter),,,,,,,,,,,,,,,,,,,,
ICE_LANCE,IceLance,3,,,Rare,Attack,AnyEnemy,,,,auto,TRUE,19,,,,,3,,,,,,,,,,,,,,,,FrostOrb:1?,,,,,,,,,,,,,
IGNITION,Ignition,1,,,Uncommon,Skill,AnyAlly,Exhaust,TRUE,multiplayer_only,no_canonical_vars,,,,,,,,,,,,,,,,,,,,,,,PlasmaOrb:1,,,,,,,,,,,,,
IMITATION_LEARNING,ImitationLearning,1,,,Rare,Skill,AnyAlly,Exhaust,TRUE,multiplayer_only,auto,,,,,,,,,,,,,,,,IMITATION_LEARNING_POWER:2(Counter),,,,,,,,,,,,,,,,,,,,
IMPATIENCE,Impatience,0,,,Uncommon,Skill,Self,,,,auto,,,,,2,,,,,,,,,,,,,,,,,,,,,,,,,,,,,,,
IMPERVIOUS,Impervious,2,,,Rare,Skill,Self,Exhaust,,,auto,,,,30,,,,,,,,,,,,,,,,,,,,,,,,,,,,,,,,
INFECTION,Infection,-1,,,Status,Status,None,Unplayable,TRUE,curse_status,auto,,3,,,,,,,,,,,,,,,,,,,,,,,,,,,,,,,,,,
INFERNAL_BLADE,InfernalBlade,1,,,Uncommon,Skill,Self,Exhaust,,,no_canonical_vars,,,,,,,,,,,,,,,,,,,,,type:Attack:1,,,,,,,,,,,,,,,
INFERNO,Inferno,1,,,Uncommon,Power,Self,,,,auto,,,,,,,,,,,,,,,TRUE,INFERNO_POWER:6(Counter),,,,,,,,,,,,,,,,,,,,
INFINITE_BLADES,InfiniteBlades,1,,,Uncommon,Power,Self,,,,no_canonical_vars,,,,,,,,,,,,,,,TRUE,,,,,,,,,,,,,,,,,,,,,
INFLAME,Inflame,1,,,Uncommon,Power,Self,,,,auto,,,,,,,,,,,,,,,TRUE,STRENGTH_POWER:2(Counter),,,,,,,,,,,,,,,,,,,,
INJURY,Injury,-1,,,Curse,Curse,None,Unplayable,TRUE,curse_status,no_canonical_vars,,,,,,,,,,,,,,,,,,,,,,,,,,,,,,,,,,,,
INTERCEPT,Intercept,1,,,Uncommon,Skill,AnyAlly,,TRUE,multiplayer_only,auto,,,,9,,,,,,,,,,,,,,,,,,,,,,,,,,,,,,,,
INVOKE,Invoke,1,,,Common,Skill,Self,,,,auto,,,,,,2,,,,,,,,2,,,,,,,,,,,,,,,,,,,,,,
IRON_WAVE,IronWave,1,,,Common,Attack,AnyEnemy,,,,auto,,5,,5,,,,,,,,,,,,,,,,,,,,,,,,,,,,,,,,
ITERATION,Iteration,1,,,Uncommon,Power,Self,,,,auto,,,,,,,,,,,,,,,TRUE,ITERATION_POWER:2(Counter),,,,,,,,,,,,,,,,,,,,
I_AM_INVINCIBLE,IAmInvincible,1,,,Rare,Skill,Self,,,,auto,,,,10,,,,,,,,,,,,,,,,,,,,,,,,,,,,,,,,
JACKPOT,Jackpot,3,,,Rare,Attack,AnyEnemy,,,,auto,,25,,,3,,,,,,,,,,,,,,,,unfiltered:1,,,,,,,,,,,,,,,
JACK_OF_ALL_TRADES,JackOfAllTrades,0,,,Uncommon,Skill,Self,Exhaust,,,auto,,,,,1,,,,,,,,,,,,,,,,pool:ColorlessCardPool:1,,,,,,,,,,,,,,,
JUGGERNAUT,Juggernaut,2,,,Rare,Power,Self,,,,auto,,,,,,,,,,,,,,,TRUE,JUGGERNAUT_POWER:6(Counter),,,,,,,,,,,,,,,,,,,,
JUGGLING,Juggling,1,,,Uncommon,Power,Self,,,,no_canonical_vars,,,,,,,,,,,,,,,TRUE,,,,,,,,,,,,,,,,,,,,,
KINGLY_KICK,KinglyKick,4,,,Uncommon,Attack,AnyEnemy,,,,auto,,27,,,,,,,,,,,,,,,,,,,,,,,,,,,,,,,,,,
KINGLY_PUNCH,KinglyPunch,1,,,Uncommon,Attack,AnyEnemy,,,,auto,,8,,,,,,,,,,,,,,,,,,,,,,,,,,,,,,,,Increase:4,,
KNIFE_TRAP,KnifeTrap,2,,,Rare,Skill,AnyEnemy,,,,unparsed_residue,TRUE,,,,,,,,,,,,,,,,,,,,,,,,,,,Shiv,TRUE,,,,,CalculationBaseVar:0;CalculationExtraVar:1,"new global::_003C_003Ez__ReadOnlyArray<DynamicVar>(new DynamicVar[3] { new CalculationBaseVar(0m), new CalculationExtraVar(1m), new CalculatedVar(""CalculatedShivs"").WithMultiplier((CardModel card, Creature? _) => PileType.Exhaust.GetPile(card.Owner).Cards.Count((CardModel c) => c.Tags.Contains(CardT",
KNOCKDOWN,Knockdown,3,,,Rare,Attack,AnyEnemy,,TRUE,multiplayer_only,auto,,10,,,,,,,,,,,,,,,KNOCKDOWN_POWER:2(Counter),,,,,,,,,,,,,,,,,,,
KNOCKOUT_BLOW,KnockoutBlow,3,,,Uncommon,Attack,AnyEnemy,,,,auto,,30,,,,,,,,,,,5,,,,,,,,,,,,,,,,,,,,,,,
KNOW_THY_PLACE,KnowThyPlace,0,,,Common,Skill,AnyEnemy,Exhaust,,,auto,,,,,,,,,,,,,,,,,WEAK_POWER:1(Counter);VULNERABLE_POWER:1(Counter),,,,,,,,,,,,,,,,,,,
LANTERN_KEY,LanternKey,-1,,,Quest,Quest,Self,Unplayable,TRUE,curse_status,no_canonical_vars,,,,,,,,,,,,,,,,,,,,,,,,,,,,,,,,,,,,
LARGESSE,Largesse,0,,,Uncommon,Skill,AnyAlly,,TRUE,multiplayer_only,no_canonical_vars,,,,,,,,,,,,,,,,,,,,,pool:ColorlessCardPool:1,,,,,,,,,,,,,,,
LEADING_STRIKE,LeadingStrike,1,,,Common,Attack,AnyEnemy,,,,auto,,3,,,2,,,,,,,,,,,,,,,,,,,,,,Strike,,,,,,,,,
LEAP,Leap,1,,,Common,Skill,Self,,,,auto,,,,9,,,,,,,,,,,,,,,,,,,,,,,,,,,,,,,,
LEGION_OF_BONE,LegionOfBone,2,,,Uncommon,Skill,AllAllies,,TRUE,multiplayer_only,auto,,,,,,,,,,,,,,6,,,,,,,,,,,,,,,,,,,,,,
LEG_SWEEP,LegSweep,2,,,Uncommon,Skill,AnyEnemy,,,,auto,,,,11,,,,,,,,,,,,,WEAK_POWER:2(Counter),,,,,,,,,,,,,,,,,,,
LETHALITY,Lethality,1,,,Uncommon,Power,Self,Ethereal,,,auto,,,,,,,,,,,,,,,TRUE,LETHALITY_POWER:50(Counter),,,,,,,,,,,,,,,,,,,,
LIFT,Lift,1,,,Uncommon,Skill,AnyAlly,,TRUE,multiplayer_only,auto,,,,11,,,,,,,,,,,,,,,,,,,,,,,,,,,,,,,,
LIGHTNING_ROD,LightningRod,1,,,Common,Skill,Self,,,,auto,,,,4,,,,,,,,,,,,LIGHTNING_ROD_POWER:2(Counter),,,,,,,,,,,,,,,,,,,,
LOOP,Loop,1,,,Uncommon,Power,Self,,,,auto,,,,,,,,,,,,,,,TRUE,,,,,,,,,,,,,,,,,,,Loop:1,,
LUMINESCE,Luminesce,0,,,Token,Skill,Self,Exhaust;Retain,,,auto,,,,,,2,,,,,,,,,,,,,,,,,,,,,,,,,,,,,,
LUNAR_BLAST,LunarBlast,0,,,Uncommon,Attack,AnyEnemy,,,,unparsed_residue,TRUE,4,,,,,,,,,,,,,,,,,,,,,,,,,,,,,,,,CalculationBaseVar:0;CalculationExtraVar:1,"new global::_003C_003Ez__ReadOnlyArray<DynamicVar>(new DynamicVar[4] { new DamageVar(4m, ValueProp.Move), new CalculationBaseVar(0m), new CalculationExtraVar(1m), new CalculatedVar(""CalculatedHits"").WithMultiplier((CardModel card, Creature? _) => CombatManager.Instance.History.CardPlaysFinished.Coun",
MACHINE_LEARNING,MachineLearning,1,,,Rare,Power,Self,,,,auto,,,,,1,,,,,,,,,,TRUE,,,,,,,,,,,,,,,,,,,,,
MAD_SCIENCE,MadScience,1,,,Event,Attack,AnyEnemy,,,,auto,,12,,8,3,2,,,,,,,,,,STRENGTH_POWER:2(Counter);DEXTERITY_POWER:2(Counter),WEAK_POWER:2(Counter);VULNERABLE_POWER:2(Counter);STRANGLE_POWER:6(Counter),,,,unfiltered:1,,,,,,,,,,,,,ViolenceHits:3;CuriousReduction:1,,
MAKE_IT_SO,MakeItSo,0,,,Rare,Attack,AnyEnemy,,,,auto,,6,,,3,,,,,,,,,,,,,,,,,,,,,,,,,,,,,,,
MALAISE,Malaise,0,,TRUE,Rare,Skill,AnyEnemy,Exhaust,,,no_canonical_vars,,,,,,,,,,,,,,,,,,,,,,,,,,,,,,,,,,,,
MANGLE,Mangle,3,,,Rare,Attack,AnyEnemy,,,,auto,,15,,,,,,,,,,,,,,,,,,,,,,,,,,,,,,,,StrengthLoss:10,,
MANIFEST_AUTHORITY,ManifestAuthority,1,,,Uncommon,Skill,Self,,,,auto,,,,7,,,,,,,,,,,,,,,,,pool:ColorlessCardPool:1,,,,,,,,,,,,,,,
MASTER_OF_STRATEGY,MasterOfStrategy,0,,,Rare,Skill,Self,Exhaust,,,auto,,,,,3,,,,,,,,,,,,,,,,,,,,,,,,,,,,,,,
MASTER_PLANNER,MasterPlanner,2,,,Rare,Power,Self,,,,no_canonical_vars,,,,,,,,,,,,,,,TRUE,,,,,,,,,,,,,,,,,,,,,
MAUL,Maul,1,,,Ancient,Attack,AnyEnemy,,,,auto,,5,,,,,,,,,,,,,,,,,,,,,,,,,,,,,,,,Increase:1,,
MAYHEM,Mayhem,2,,,Rare,Power,Self,,,,no_canonical_vars,,,,,,,,,,,,,,,TRUE,,,,,,,,,,,,,,,,,,,,,
MELANCHOLY,Melancholy,3,,,Uncommon,Skill,Self,,,,auto,,,,13,,1,,,,,,,,,,,,,,,,,,,,,,,,,,,,,,
MEMENTO_MORI,MementoMori,1,,,Uncommon,Attack,AnyEnemy,,,,unparsed_residue,TRUE,,4,,,,,,,,,,,,,,,,,,,,,,,,,,,,,,,CalculationBaseVar:9,"new global::_003C_003Ez__ReadOnlyArray<DynamicVar>(new DynamicVar[3] { new CalculationBaseVar(9m), new ExtraDamageVar(4m), new CalculatedDamageVar(ValueProp.Move).WithMultiplier((CardModel card, Creature? _) => CombatManager.Instance.History.Entries.OfType<CardDiscardedEntry>().Count((CardDiscardedE",
METAMORPHOSIS,Metamorphosis,2,,,Event,Skill,Self,Exhaust,,,auto,,,,,3,,,,,,,,,,,,,,,,type:Attack:1,,,,,,,,,,,,,,,
METEOR_SHOWER,MeteorShower,0,2,,Ancient,Attack,AllEnemies,,,,auto,,14,,,,,,,,,,,,,,,VULNERABLE_POWER:2(Counter);WEAK_POWER:2(Counter),,,,,,,,,,,,,,,,,,,
METEOR_STRIKE,MeteorStrike,5,,,Rare,Attack,AnyEnemy,,,,auto,,24,,,,,,,,,,,,,,,,,,,,,PlasmaOrb:3,,,,Strike,,,,,,,,,
MIDNIGHT,Midnight,12,,,Rare,Attack,AnyEnemy,,TRUE,multiplayer_only,auto,,60,,,,,,,,,,,,,,,,,,,,,,,,,,,,,,,,,,
MIMIC,Mimic,1,,,Rare,Skill,AnyAlly,Exhaust,TRUE,multiplayer_only,unparsed_residue,,,,,,,,,,,,,,,,,,,,,,,,,,,,,,,,,,CalculationBaseVar:0;CalculationExtraVar:1,"new global::_003C_003Ez__ReadOnlyArray<DynamicVar>(new DynamicVar[3] { new CalculationBaseVar(0m), new CalculationExtraVar(1m), new CalculatedBlockVar(ValueProp.Move).WithMultiplier((CardModel card, Creature? target) => target?.Block ?? 0) })",
MIND_BLAST,MindBlast,1,,,Uncommon,Attack,AnyEnemy,Innate,,,unparsed_residue,TRUE,,1,,,,,,,,,,,,,,,,,,,,,,,,,,,,,,,CalculationBaseVar:0,"new global::_003C_003Ez__ReadOnlyArray<DynamicVar>(new DynamicVar[3] { new CalculationBaseVar(0m), new ExtraDamageVar(1m), new CalculatedDamageVar(ValueProp.Move).WithMultiplier((CardModel card, Creature? _) => PileType.Draw.GetPile(card.Owner).Cards.Count) })",
MIND_ROT,MindRot,-1,,,Status,Status,None,,TRUE,curse_status,auto,,,,,,,,,,,,,,,,,MIND_ROT_POWER:1(Counter),,,,,,,,,,,,,,,,,,,
MINION_DIVE_BOMB,MinionDiveBomb,0,,,Token,Attack,AnyEnemy,Exhaust,,,auto,,13,,,,,,,,,,,,,,,,,,,,,,,,,Minion,,,,,,,,,
MINION_SACRIFICE,MinionSacrifice,0,,,Token,Skill,Self,Exhaust,,,auto,,,,7,,,,,,,,,,,,,,,,,,,,,,,Minion,,,,,,,,,
MINION_STRIKE,MinionStrike,0,,,Token,Attack,AnyEnemy,Exhaust,,,auto,,6,,,1,,,,,,,,,,,,,,,,,,,,,,Minion;Strike,,,,,,,,,
MIRAGE,Mirage,0,,,Uncommon,Skill,Self,,,,auto,,,,,,1,,,,,,,,,,,,,,,,,,,,,,,,,,,,,,
MISERY,Misery,0,,,Rare,Attack,AnyEnemy,,,,auto,,7,,,,,,,,,,,,,,,,,,,,,,,,,,,,,,,,,,
MODDED,Modded,0,,,Rare,Skill,Self,,,,auto,,,,,1,,1,,,,,,,,,,,,,,,,,,,,,,,,,,,,,
MOLTEN_FIST,MoltenFist,1,,,Common,Attack,AnyEnemy,Exhaust,,,auto,,10,,,,,,,,,,,,,,,,,,,,,,VULNERABLE_POWER,,,,,,,,,,,,
MOMENTUM_STRIKE,MomentumStrike,1,,,Common,Attack,AnyEnemy,,,,auto,,11,,,,,,,,,,,,,,,,,,,,,,,,,Strike,,,,,,,,,
MONARCHS_GAZE,MonarchsGaze,2,,,Rare,Power,Self,,,,auto,,,,,,,,,,,,,,,TRUE,,,,,,,,,,,,,,,,,,,StrengthLoss:1,,
MONOLOGUE,Monologue,0,,,Uncommon,Skill,Self,,,,auto,,,,,,,,,,,,,,,,,,,,,,,,,,,,,,,,,,Power:1,,
MULTI_CAST,MultiCast,0,,TRUE,Rare,Skill,Self,,,,no_canonical_vars,,,,,,,,,,,,,,,,,,,,,,,,,,1,,,,,,,,,,
MURDER,Murder,3,,,Rare,Attack,AnyEnemy,,,,unparsed_residue,TRUE,,1,,,,,,,,,,,,,,,,,,,,,,,,,,,,,,,CalculationBaseVar:1,"new global::_003C_003Ez__ReadOnlyArray<DynamicVar>(new DynamicVar[3] { new CalculationBaseVar(1m), new ExtraDamageVar(1m), new CalculatedDamageVar(ValueProp.Move).WithMultiplier((CardModel card, Creature? _) => CombatManager.Instance.History.Entries.OfType<CardDrawnEntry>().Count((CardDrawnEntry e) ",
NECRO_MASTERY,NecroMastery,2,,,Rare,Power,Self,,,,auto,,,,,,,,,,,,,,5,TRUE,,,,,,,,,,,,,,,,,,,,,
NEGATIVE_PULSE,NegativePulse,1,,,Common,Skill,AllEnemies,,,,auto,,,,5,,,,,,,,,,,,,DOOM_POWER:7(Counter),,,,,,,,,,,,,,,,,,,
NEOWS_FURY,NeowsFury,1,,,Ancient,Attack,AnyEnemy,Exhaust,,,auto,,10,,,2,,,,,,,,,,,,,,,,,unfiltered:1,,,,,,,,,,,,,,
NEUROSURGE,Neurosurge,0,,,Rare,Power,Self,,,,auto,,,,,2,3,,,,,,,,,TRUE,,NEUROSURGE_POWER:3(Counter),,,,,,,,,,,,,,,,,,,
NEUTRALIZE,Neutralize,0,,,Basic,Attack,AnyEnemy,,,,auto,,3,,,,,,,,,,,,,,,WEAK_POWER:1(Counter),,,,,,,,,,,,,,,,,,,
NEUTRON_AEGIS,NeutronAegis,1,5,,Rare,Power,Self,,,,auto,,,,,,,,,,,,,,,TRUE,PLATING_POWER:8(Counter),,,,,,,,,,,,,,,,,,,,
NIGHTMARE,Nightmare,3,,,Rare,Skill,Self,Exhaust,,,no_canonical_vars,,,,,,,,,,,,,,,,,,,,,,unfiltered:1,,,,,,,,,,,,,,
NORMALITY,Normality,-1,,,Curse,Curse,None,Unplayable,TRUE,curse_status,unparsed_residue,,,,,,,,,,,,,,,,,,,,,,,,,,,,,,,,,,CalculationBaseVar:3;CalculationExtraVar:-1,"new global::_003C_003Ez__ReadOnlyArray<DynamicVar>(new DynamicVar[3] { new CalculationBaseVar(3m), new CalculationExtraVar(-1m), new CalculatedVar(""CalculatedCards"").WithMultiplier((CardModel card, Creature? _) => Math.Min(3, ((Normality)card).CardsPlayedThisTurn)) })",
NOSTALGIA,Nostalgia,1,,,Rare,Power,Self,,,,no_canonical_vars,,,,,,,,,,,,,,,TRUE,,,,,,,,,,,,,,,,,,,,,
NOT_YET,NotYet,2,,,Rare,Skill,Self,Exhaust,,,auto,,,,,,,,10,,,,,,,,,,,,,,,,,,,,,,,,,,,,
NOXIOUS_FUMES,NoxiousFumes,1,,,Uncommon,Power,Self,,,,auto,,,,,,,,,,,,,,,TRUE,,,,,,,,,,,,,,,,,,,PoisonPerTurn:2,,
NO_ESCAPE,NoEscape,1,,,Uncommon,Skill,AnyEnemy,,,,unparsed_residue,TRUE,,,,,,,,,,,,,,,,,,,,,,,DOOM_POWER,,,,,,,,,,DoomThreshold:10;CalculationBaseVar:10;CalculationExtraVar:5,"new global::_003C_003Ez__ReadOnlyArray<DynamicVar>(new DynamicVar[4] { new DynamicVar(""DoomThreshold"", 10m), new CalculationBaseVar(10m), new CalculationExtraVar(5m), new CalculatedVar(""CalculatedDoom"").WithMultiplier(delegate(CardModel card, Creature? target) { int num = target?.GetPowerAmount<Doom",
NULL,Null,2,,,Uncommon,Attack,AnyEnemy,,,,auto,,10,,,,,,,,,,,,,,,WEAK_POWER:2(Counter),,,,,,DarkOrb:1,,,,,,,,,,,,,
OBLIVION,Oblivion,0,,,Rare,Skill,AnyEnemy,,,,auto,,,,,,,,,,,,,,,,,DOOM_POWER:3(Counter),,,,,,,,,,,,,,,,,,,
OFFERING,Offering,0,,,Rare,Skill,Self,Exhaust,,,auto,,,,,3,2,,,,,6,,,,,,,,,,,,,,,,,,,,,,,,,
OMNISLICE,Omnislice,0,,,Uncommon,Attack,AnyEnemy,,,,auto,,8,,,,,,,,,,,,,,,,,,,,,,,,,,,,,,,,,,
ONE_FOR_ALL,OneForAll,1,,,Rare,Power,AllAllies,,TRUE,multiplayer_only,auto,,,,,,,,,,,,,,,TRUE,ONE_FOR_ALL_POWER:3(Counter),,,,,,,,,,,,,,,,,,,,
ONE_TWO_PUNCH,OneTwoPunch,1,,,Rare,Skill,Self,,,,auto,,,,,,,,,,,,,,,,,,,,,,,,,,,,,,,,,,Attacks:1,,
ORBIT,Orbit,2,,,Uncommon,Power,Self,,,,auto,,,,,,1,,,,,,,,,TRUE,,,,,,,,,,,,,,,,,,,,,
OUTBREAK,Outbreak,1,,,Uncommon,Power,Self,,,,auto,,,,,,,,,,,,,,,TRUE,OUTBREAK_POWER:4(Counter),,,,,,,,,,,,,,,,,,,,
OUTMANEUVER,Outmaneuver,1,,,Event,Skill,Self,,,,auto,,,,,,2,,,,,,,,,,,,,,,,,,,,,,,,,,,,,,
OUTRAGE,Outrage,0,,,Uncommon,Attack,AnyEnemy,,TRUE,multiplayer_only,auto,,9,,,,,,,,,,,,,,,,,,,,,,,,,,,,,,,,,,
OVERCLOCK,Overclock,0,,,Uncommon,Skill,Self,,,,auto,,,,,2,,,,,,,,,,,,,,BURN:1,,,,,,,,,,,,,,,,,
PACTS_END,PactsEnd,0,,,Rare,Attack,AllEnemies,,,,auto,,17,,,3,,,,,,,,,,,,,,,,,,,,,,,,TRUE,,,,,,,
PAGESTORM,Pagestorm,1,,,Uncommon,Power,Self,,,,auto,,,,,1,,,,,,,,,,TRUE,,,,,,,,,,,,,,,,,,,,,
PALE_BLUE_DOT,PaleBlueDot,1,,,Uncommon,Power,Self,,,,auto,,,,,1,,,,,,,,,,TRUE,,,,,,,,,,,,,,,,,,,CardPlay:5,,
PANACHE,Panache,0,,,Uncommon,Power,Self,,,,auto,,,,,,,,,,,,,,,TRUE,,,,,,,,,,,,,,,,,,,PanacheDamage:10,,
PANIC_BUTTON,PanicButton,0,,,Uncommon,Skill,Self,Exhaust,,,auto,,,,30,,,,,,,,,,,,,,,,,,,,,,,,,,,,,,Turns:2,,
PARRY,Parry,1,,,Uncommon,Power,Self,,,,auto,,,,,,,,,,,,,,,TRUE,,,PARRY_POWER:10,,,,,,,,,,,,,,,,,,
PARSE,Parse,1,,,Uncommon,Skill,Self,Ethereal,,,auto,,,,,3,,,,,,,,,,,,,,,,,,,,,,,,,,,,,,,
PARTICLE_WALL,ParticleWall,0,2,,Uncommon,Skill,Self,,,,auto,,,,9,,,,,,,,,,,,,,,,,,,,,,,,,,,,,,,,
PATTER,Patter,1,,,Common,Skill,Self,,,,auto,,,,8,,,,,,,,,,,,VIGOR_POWER:2(Counter),,,,,,,,,,,,,,,,,,,,
PECK,Peck,1,,,Event,Attack,AnyEnemy,,,,auto,,2,,,,,3,,,,,,,,,,,,,,,,,,,,,,,,,,,,,
PERFECTED_STRIKE,PerfectedStrike,2,,,Common,Attack,AnyEnemy,,,,unparsed_residue,TRUE,,2,,,,,,,,,,,,,,,,,,,,,,,,Strike,Strike,,,,,,CalculationBaseVar:6,"new global::_003C_003Ez__ReadOnlyArray<DynamicVar>(new DynamicVar[3] { new CalculationBaseVar(6m), new ExtraDamageVar(2m), new CalculatedDamageVar(ValueProp.Move).WithMultiplier((CardModel card, Creature? _) => card.Owner.PlayerCombatState.AllCards.Count((CardModel c) => c.Tags.Contains(CardTag.Stri",
PHANTOM_BLADES,PhantomBlades,1,,,Uncommon,Power,Self,,,,auto,,,,,,,,,,,,,,,TRUE,PHANTOM_BLADES_POWER:9(Counter),,,,,,,,,,,,,,,,,,,,
PHOTON_CUT,PhotonCut,1,,,Common,Attack,AnyEnemy,,,,auto,,10,,,1,,,,,,,,,,,,,,,,,unfiltered:1,,,,,,,,,,,,PutBack:1,,
PIERCING_WAIL,PiercingWail,1,,,Common,Skill,AllEnemies,Exhaust,,,auto,,,,,,,,,,,,,,,,,,,,,,,,,,,,,,,,,,StrengthLoss:6,,
PILLAGE,Pillage,1,,,Uncommon,Attack,AnyEnemy,,,,auto,,6,,,,,,,,,,,,,,,,,,,,,,,,,,,,,,,,,,
PILLAR_OF_CREATION,PillarOfCreation,1,,,Uncommon,Power,Self,,,,auto,,,,5,,,,,,,,,,,TRUE,,,,,,,,,,,,,,,,,,,,,
PINPOINT,Pinpoint,3,,,Uncommon,Attack,AnyEnemy,,,,auto,,15,,,,,,,,,,,,,,,,,,,,,,,,,,,,,,,,,,
PLOT,Plot,1,,,Uncommon,Skill,AllAllies,,TRUE,multiplayer_only,auto,,,,,2,,,,,,,,,,,,,,,,,,,,,,,,,,,,,,,
POISONED_STAB,PoisonedStab,1,,,Common,Attack,AnyEnemy,,,,auto,,6,,,,,,,,,,,,,,,POISON_POWER:3(Counter),,,,,,,,,,,,,,,,,,,
POKE,Poke,0,,,Common,Attack,AnyEnemy,,,,auto,,6,,,,,,,,,,,,,,,,,,,,,,,,,OstyAttack,,,,,,,,,
POMMEL_STRIKE,PommelStrike,1,,,Common,Attack,AnyEnemy,,,,auto,,9,,,1,,,,,,,,,,,,,,,,,,,,,,Strike,,,,,,,,,
POOR_SLEEP,PoorSleep,-1,,,Curse,Curse,None,Retain;Unplayable,TRUE,curse_status,no_canonical_vars,,,,,,,,,,,,,,,,,,,,,,,,,,,,,,,,,,,,
POUNCE,Pounce,2,,,Uncommon,Attack,AnyEnemy,,,,auto,,14,,,,,,,,,,,,,,,,,,,,,,,,,,,,,,,,,,
PRECISE_CUT,PreciseCut,0,,,Uncommon,Attack,AnyEnemy,,,,unparsed_residue,TRUE,,2,,,,,,,,,,,,,,,,,,,,,,,,,,,,,,,CalculationBaseVar:13,"new global::_003C_003Ez__ReadOnlyArray<DynamicVar>(new DynamicVar[3] { new CalculationBaseVar(13m), new ExtraDamageVar(2m), new CalculatedDamageVar(ValueProp.Move).WithMultiplier(delegate(CardModel card, Creature? _) { int num = PileType.Hand.GetPile(card.Owner).Cards.Count; CardPile? pile = card.Pi",
PREDATOR,Predator,2,,,Common,Attack,AnyEnemy,,,,auto,,15,,,,,,,,,,,,,,,,,,,,,,,,,,,,,,,,,,
PREPARED,Prepared,0,,,Common,Skill,Self,,,,auto,,,,,1,,,,,,,,,,,,,,,,,,,,,,,,,,,TRUE,,,,
PREP_TIME,PrepTime,1,,,Uncommon,Power,Self,,,,auto,,,,,,,,,,,,,,,TRUE,PREP_TIME_POWER:4(Counter),,,,,,,,,,,,,,,,,,,,
PRIMAL_FORCE,PrimalForce,0,,,Rare,Skill,Self,,,,no_canonical_vars,TRUE,,,,,,,,,,,,,,,,,,,GIANT_ROCK:1?,,,,,,,,,,,,,,,,
PRODUCTION,Production,0,,,Uncommon,Skill,Self,Exhaust,,,auto,,,,,,2,,,,,,,,,,,,,,,,,,,,,,,,,,,,,,
PROLONG,Prolong,0,,,Uncommon,Skill,Self,Exhaust,,,no_canonical_vars,TRUE,,,,,,,,,,,,,,,,,,,,,,,,,,,,,,,,,,,
PROPHESIZE,Prophesize,2,,,Uncommon,Skill,Self,,,,auto,,,,,6,,,,,,,,,,,,,,,,,,,,,,,,,,,,,,,
PROTECTOR,Protector,1,,,Ancient,Attack,AnyEnemy,,,,unparsed_residue,TRUE,,1,,,,,,,,,,,,,,,,,,,,,,,,OstyAttack,,,,,,,CalculationBaseVar:10,"new global::_003C_003Ez__ReadOnlyArray<DynamicVar>(new DynamicVar[3] { new CalculationBaseVar(10m), new ExtraDamageVar(1m).FromOsty(), new CalculatedDamageVar(ValueProp.Move).FromOsty().WithMultiplier(delegate(CardModel card, Creature? _) { Creature osty = card.Owner.Osty; return (osty != null && os",
PROWESS,Prowess,1,,,Uncommon,Power,Self,,,,auto,,,,,,,,,,,,,,,TRUE,STRENGTH_POWER:1(Counter);DEXTERITY_POWER:1(Counter),,,,,,,,,,,,,,,,,,,,
PULL_AGGRO,PullAggro,2,,,Common,Skill,Self,,,,auto,,,,7,,,,,,,,,,4,,,,,,,,,,,,,,,,,,,,,,
PULL_FROM_BELOW,PullFromBelow,1,,,Uncommon,Attack,AnyEnemy,,,,unparsed_residue,TRUE,5,,,,,,,,,,,,,,,,,,,,,,,,,,,,,,,,CalculationBaseVar:0;CalculationExtraVar:1,"new global::_003C_003Ez__ReadOnlyArray<DynamicVar>(new DynamicVar[4] { new DamageVar(5m, ValueProp.Move), new CalculationBaseVar(0m), new CalculationExtraVar(1m), new CalculatedVar(""CalculatedHits"").WithMultiplier((CardModel card, Creature? _) => CombatManager.Instance.History.Entries.OfType<CardPla",
PURITY,Purity,0,,,Uncommon,Skill,Self,Exhaust;Retain,,,auto,,,,,3,,,,,,,,,,,,,,,,,unfiltered:1,,,,,,,,,TRUE,,,,,
PUTREFY,Putrefy,1,,,Uncommon,Skill,AnyEnemy,Exhaust,,,auto,,,,,,,,,,,,,,,,,,,,,,,,,,,,,,,,,,Power:2,,
PYRE,Pyre,2,,,Rare,Power,Self,,,,auto,,,,,,1,,,,,,,,,TRUE,,,,,,,,,,,,,,,,,,,,,
QUADCAST,Quadcast,1,,,Ancient,Skill,Self,,,,auto,,,,,,,4,,,,,,,,,,,,,,,,,,,1,,,,,,,,,,
QUASAR,Quasar,0,2,,Uncommon,Skill,Self,,,,no_canonical_vars,,,,,,,,,,,,,,,,,,,,,pool:ColorlessCardPool:1,,,,,,,,,,,,,,,
RADIATE,Radiate,0,,,Uncommon,Attack,AllEnemies,,,,unparsed_residue,TRUE,3,,,,,,,,,,,1,,,,,,,,,,,,,,,,,,,,,CalculationBaseVar:0;CalculationExtraVar:1,"new global::_003C_003Ez__ReadOnlyArray<DynamicVar>(new DynamicVar[5] { new DamageVar(3m, ValueProp.Move), new StarsVar(1), new CalculationBaseVar(0m), new CalculationExtraVar(1m), new CalculatedVar(""CalculatedHits"").WithMultiplier((CardModel card, Creature? _) => (from e in CombatManager.Instance.Hi",
RAGE,Rage,0,,,Uncommon,Skill,Self,,,,auto,,,,,,,,,,,,,,,,,,,,,,,,,,,,,,,,,,Power:3,,
RAINBOW,Rainbow,2,,,Rare,Skill,Self,Exhaust,,,no_canonical_vars,,,,,,,,,,,,,,,,,,,,,,,LightningOrb:1;FrostOrb:1;DarkOrb:1,,,,,,,,,,,,,
RALLY,Rally,2,,,Rare,Skill,AllAllies,,TRUE,multiplayer_only,auto,,,,12,,,,,,,,,,,,,,,,,,,,,,,,,,,,,,,,
RAMPAGE,Rampage,1,,,Uncommon,Attack,AnyEnemy,,,,auto,,9,,,,,,,,,,,,,,,,,,,,,,,,,,,,,,,,Increase:5,,
RATTLE,Rattle,1,,,Uncommon,Attack,AnyEnemy,,,,unparsed_residue,TRUE,7,,,,,,,,,,,,,,,,,,,,,,,,,OstyAttack,,,,,,,CalculationBaseVar:0;CalculationExtraVar:1,"new global::_003C_003Ez__ReadOnlyArray<DynamicVar>(new DynamicVar[4] { new OstyDamageVar(7m, ValueProp.Move), new CalculationBaseVar(0m), new CalculationExtraVar(1m), new CalculatedVar(""CalculatedHits"").WithMultiplier((CardModel card, Creature? _) => 1 + CombatManager.Instance.History.Entries.OfType",
REANIMATE,Reanimate,3,,,Rare,Skill,Self,Exhaust,,,auto,,,,,,,,,,,,,,20,,,,,,,,,,,,,,,,,,,,,,
REAP,Reap,3,,,Common,Attack,AnyEnemy,Retain,,,auto,,27,,,,,,,,,,,,,,,,,,,,,,,,,,,,,,,,,,
REAPER_FORM,ReaperForm,3,,,Rare,Power,Self,,,,no_canonical_vars,,,,,,,,,,,,,,,TRUE,,,,,,,,,,,,,,,,,,,,,
REAVE,Reave,1,,,Common,Attack,AnyEnemy,,,,auto,TRUE,10,,,1,,,,,,,,,,,,,,SOUL:1?,,,,,,,,,,,,,,,,,
REBOOT,Reboot,0,,,Rare,Skill,Self,Exhaust,,,auto,,,,,4,,,,,,,,,,,,,,,,,,,,,,,,,,,,,,,
REBOUND,Rebound,1,,,Event,Attack,AnyEnemy,,,,auto,,9,,,,,,,,,,,,,,,,,,,,,,,,,,,,,,,,,,
REFINE_BLADE,RefineBlade,1,,,Common,Skill,Self,,,,auto,,,,,,1,,,,,,9,,,,,,,,,,,,,,,,,,,,,,,,
REFLECT,Reflect,1,3,,Uncommon,Skill,Self,,,,auto,,,,15,,,,,,,,,,,,,,,,,,,,,,,,,,,,,,,,
REFLEX,Reflex,3,,,Uncommon,Skill,Self,Sly,,,auto,,,,,2,,,,,,,,,,,,,,,,,,,,,,,,,,,,TRUE,,,
REFRACT,Refract,3,,,Uncommon,Attack,AnyEnemy,,,,auto,TRUE,9,,,,,2,,,,,,,,,,,,,,,,GlassOrb:1?,,,,,,,,,,,,,
REGRET,Regret,-1,,,Curse,Curse,None,Unplayable,TRUE,curse_status,no_canonical_vars,,,,,,,,,,,,,,,,,,,,,,,,,,,,,,,,,,,,
RELAX,Relax,3,,,Ancient,Skill,Self,Exhaust,,,auto,,,,15,2,2,,,,,,,,,,,,,,,,,,,,,,,,,,,,,,
REND,Rend,2,,,Rare,Attack,AnyEnemy,,,,unparsed_residue,TRUE,,5,,,,,,,,,,,,,,,,,,,,,,,,,,,,,,,CalculationBaseVar:15,"new global::_003C_003Ez__ReadOnlyArray<DynamicVar>(new DynamicVar[3] { new CalculationBaseVar(15m), new ExtraDamageVar(5m), new CalculatedDamageVar(ValueProp.Move).WithMultiplier((CardModel card, Creature? target) => target?.Powers.Count(ShouldCountPower) ?? 0) })",
RESONANCE,Resonance,1,2,,Uncommon,Skill,AllEnemies,,,,auto,,,,,,,,,,,,,,,,STRENGTH_POWER:1(Counter),,,,,,,,,,,,,,,,,,,,
RESTLESSNESS,Restlessness,0,,,Uncommon,Skill,Self,Retain,,,auto,,,,,2,2,,,,,,,,,,,,,,,,,,,,,,,,,,,,,,
RICOCHET,Ricochet,2,,,Common,Attack,RandomEnemy,Sly,,,auto,,3,,,,,4,,,,,,,,,,,,,,,,,,,,,,,,,,TRUE,,,
RIGHT_HAND_HAND,RightHandHand,0,,,Uncommon,Attack,AnyEnemy,,,,auto,,4,,,,2,,,,,,,,,,,,,,,,,,,,,OstyAttack,,,,,,,,,
RIP_AND_TEAR,RipAndTear,1,,,Event,Attack,RandomEnemy,,,,auto,,7,,,,,,,,,,,,,,,,,,,,,,,,,,,,,,,,,,
ROCKET_PUNCH,RocketPunch,2,,,Uncommon,Attack,AnyEnemy,,,,auto,,13,,,1,,,,,,,,,,,,,,,,,,,,,,,,,,,,,,,
ROLLING_BOULDER,RollingBoulder,3,,,Rare,Power,Self,,,,auto,,,,,,,,,,,,,,,TRUE,ROLLING_BOULDER_POWER:5(Counter),,,,,,,,,,,,,,,,,,IncrementAmount:5,,
ROYALTIES,Royalties,1,,,Rare,Power,Self,,,,auto,,,,,,,,,30,,,,,,TRUE,,,,,,,,,,,,,,,,,,,,,
ROYAL_GAMBLE,RoyalGamble,0,5,,Uncommon,Skill,Self,Exhaust,,,auto,,,,,,,,,,,,,9,,,,,,,,,,,,,,,,,,,,,,,
RUPTURE,Rupture,1,,,Uncommon,Power,Self,,,,auto,,,,,,,,,,,,,,,TRUE,STRENGTH_POWER:1(Counter),,,,,,,,,,,,,,,,,,,,
SACRIFICE,Sacrifice,1,,,Rare,Skill,Self,Retain,,,unparsed_residue,TRUE,,,,,,,,,,,,,,,,,,,,,,,,,,,,,,,,,CalculationBaseVar:0;CalculationExtraVar:1,"new global::_003C_003Ez__ReadOnlyArray<DynamicVar>(new DynamicVar[3] { new CalculationBaseVar(0m), new CalculationExtraVar(1m), new CalculatedBlockVar(ValueProp.Move).WithMultiplier((CardModel card, Creature? _) => card.Owner.IsOstyAlive ? (card.Owner.Osty.MaxHp * 2) : 0) })",
SALVO,Salvo,1,,,Rare,Attack,AnyEnemy,,,,auto,,12,,,,,,,,,,,,,,,,,,,,,,,,,,,,,,,,,,
SCARE,Scare,0,,,Uncommon,Skill,AllEnemies,Exhaust,,,no_canonical_vars,,,,,,,,,,,,,,,,,WEAK_POWER:1(Counter),,,,,,,,,,,,,,,,,,,
SCAVENGE,Scavenge,1,,,Uncommon,Skill,Self,,,,auto,,,,,,2,,,,,,,,,,,,,,,,unfiltered:1,,,,,,,,,TRUE,,,,,
SCOURGE,Scourge,1,,,Common,Skill,AnyEnemy,,,,auto,,,,,1,,,,,,,,,,,,DOOM_POWER:13(Counter),,,,,,,,,,,,,,,,,,,
SCRAPE,Scrape,1,,,Uncommon,Attack,AnyEnemy,,,,auto,,7,,,4,,,,,,,,,,,,,,,,,,,,,,,,,,,TRUE,,,,
SCRAWL,Scrawl,1,,,Rare,Skill,Self,Exhaust,,,no_canonical_vars,TRUE,,,,,,,,,,,,,,,,,,,,,,,,,,,,,,,,,,,
SCULPTING_STRIKE,SculptingStrike,1,,,Common,Attack,AnyEnemy,,,,auto,,9,,,,,,,,,,,,,,,,,,,,unfiltered:1,,,,,Strike,,,,,,,,,
SEANCE,Seance,1,,,Rare,Skill,Self,Ethereal,,,auto,TRUE,,,,1,,,,,,,,,,,,,,,SOUL:1?,,unfiltered:1,,,,,,,,,,,,,,
SECOND_WIND,SecondWind,1,,,Uncommon,Skill,Self,,,,auto,,,,5,,,,,,,,,,,,,,,,,,,,,,,,,,,TRUE,,,,,
SECRET_TECHNIQUE,SecretTechnique,0,,,Rare,Skill,Self,Exhaust,,,no_canonical_vars,,,,,,,,,,,,,,,,,,,,,,type:Skill:1,,,,,,,,,,,,,,
SECRET_WEAPON,SecretWeapon,0,,,Rare,Skill,Self,Exhaust,,,no_canonical_vars,,,,,,,,,,,,,,,,,,,,,,type:Attack:1,,,,,,,,,,,,,,
SEEKER_STRIKE,SeekerStrike,1,,,Uncommon,Attack,AnyEnemy,,,,auto,,9,,,3,,,,,,,,,,,,,,,,,unfiltered:1,,,,,Strike,,,,,,,,,
SEEKING_EDGE,SeekingEdge,1,,,Rare,Power,Self,,,,auto,,,,,,,,,,,,7,,,TRUE,,,,,,,,,,,,,,,,,,,,,
SENTRY_MODE,SentryMode,2,,,Rare,Power,Self,,,,auto,,,,,,,,,,,,,,,TRUE,SENTRY_MODE_POWER:1(Counter),,,,,,,,,,,,,,,,,,,,
SERPENT_FORM,SerpentForm,3,,,Rare,Power,Self,,,,auto,,,,,,,,,,,,,,,TRUE,SERPENT_FORM_POWER:4(Counter),,,,,,,,,,,,,,,,,,,,
SETUP_STRIKE,SetupStrike,1,,,Common,Attack,AnyEnemy,,,,auto,,7,,,,,,,,,,,,,,STRENGTH_POWER:3(Counter),,,,,,,,,,,Strike,,,,,,,,,
SEVEN_STARS,SevenStars,2,7,,Rare,Attack,AllEnemies,,,,auto,,7,,,,,7,,,,,,,,,,,,,,,,,,,,,,,,,,,,,
SEVERANCE,Severance,2,,,Uncommon,Attack,AnyEnemy,,,,auto,TRUE,13,,,,,,,,,,,,,,,,,SOUL:1?,,,,,,,,,,,,,,,,,
SHADOWMELD,Shadowmeld,1,,,Rare,Skill,Self,,,,auto,,,,,,,,,,,,,,,,,,,,,,,,,,,,,,,,,,Power:1,,
SHADOW_SHIELD,ShadowShield,2,,,Uncommon,Skill,Self,,,,auto,,,,11,,,,,,,,,,,,,,,,,,,DarkOrb:1,,,,,,,,,,,,,
SHADOW_STEP,ShadowStep,1,,,Rare,Skill,Self,,,,auto,,,,,3,,,,,,,,,,,,,,,,,,,,,,,,,,,TRUE,,,,
SHAME,Shame,-1,,,Curse,Curse,None,Unplayable,TRUE,curse_status,auto,,,,,,,,,,,,,,,,,,,,,,,,,FRAIL_POWER,,,,,,,,,Frail:1,,
SHARED_FATE,SharedFate,0,,,Rare,Skill,AnyEnemy,Exhaust,,,auto,,,,,,,,,,,,,,,,,,,,,,,,,,,,,,,,,,EnemyStrengthLoss:2;PlayerStrengthLoss:2,,
SHATTER,Shatter,1,,,Rare,Attack,AllEnemies,Exhaust,,,auto,,7,,,,,,,,,,,,,,,,,,,,,,,,2,,,,,,,,,,
SHINING_STRIKE,ShiningStrike,1,,,Uncommon,Attack,AnyEnemy,,,,auto,,8,,,,,,,,,,,2,,,,,,,,,,,,,,Strike,,,,,,,,,
SHIV,Shiv,0,,,Token,Attack,AnyEnemy,Exhaust,,,auto,TRUE,4,,,,,,,,,,,,,,,,,SHIV:1?,,,,,,FAN_OF_KNIVES_POWER,,Shiv,,,,,,,,,
SHOCKWAVE,Shockwave,2,,,Uncommon,Skill,AllEnemies,Exhaust,,,auto,,,,,,,,,,,,,,,,,,,,,,,,,,,,,,,,,,Power:3,,
SHROUD,Shroud,1,,,Uncommon,Power,Self,,,,auto,,,,2,,,,,,,,,,,TRUE,,,,,,,,,,,,,,,,,,,,,
SHRUG_IT_OFF,ShrugItOff,1,,,Common,Skill,Self,,,,auto,,,,8,1,,,,,,,,,,,,,,,,,,,,,,,,,,,,,,,
SIC_EM,SicEm,1,,,Uncommon,Attack,AnyEnemy,,,,auto,,5,,,,,,,,,,,,,,,SIC_EM_POWER:3(Counter),,,,,,,,,,OstyAttack,,,,,,,,,
SIGNAL_BOOST,SignalBoost,1,,,Rare,Skill,Self,Exhaust,,,auto,,,,,,,,,,,,,,,,SIGNAL_BOOST_POWER:1(Counter),,,,,,,,,,,,,,,,,,,,
SKEWER,Skewer,0,,TRUE,Uncommon,Attack,AnyEnemy,,,,auto,,8,,,,,,,,,,,,,,,,,,,,,,,,,,,,,,,,,,
SKIM,Skim,1,,,Uncommon,Skill,Self,,,,auto,,,,,3,,,,,,,,,,,,,,,,,,,,,,,,,,,,,,,
SLEIGHT_OF_FLESH,SleightOfFlesh,2,,,Uncommon,Power,Self,,,,auto,,,,,,,,,,,,,,,TRUE,SLEIGHT_OF_FLESH_POWER:9(Counter),,,,,,,,,,,,,,,,,,,,
SLICE,Slice,0,,,Common,Attack,AnyEnemy,,,,auto,,6,,,,,,,,,,,,,,,,,,,,,,,,,,,,,,,,,,
SLIMED,Slimed,1,,,Status,Status,None,Exhaust,TRUE,curse_status,auto,,,,,1,,,,,,,,,,,,,,,,,,,,,,,,,,,,,,,
SLOTH,Sloth,-1,,,Status,Status,None,,TRUE,curse_status,auto,,,,,,,,,,,,,,,,,SLOTH_POWER:3(Counter),,,,,,,,,,,,,,,,,,,
SMOKESTACK,Smokestack,1,,,Uncommon,Power,Self,,,,auto,,,,,,,,,,,,,,,TRUE,SMOKESTACK_POWER:5(Counter),,,,,,,,,,,,,,,,,,,,
SNAKEBITE,Snakebite,2,,,Common,Skill,AnyEnemy,Retain,,,auto,,,,,,,,,,,,,,,,,POISON_POWER:7(Counter),,,,,,,,,,,,,,,,,,,
SNAP,Snap,1,,,Common,Attack,AnyEnemy,,,,auto,,7,,,,,,,,,,,,,,,,,,,,unfiltered:1,,,,,OstyAttack,,,,,,,,,
SNEAKY,Sneaky,2,,,Rare,Power,Self,Sly,TRUE,multiplayer_only,auto,,,,,,,,,,,,,,,TRUE,SNEAKY_POWER:1(Counter),,,,,,,,,,,,,,,,,TRUE,,,
SOLAR_STRIKE,SolarStrike,1,,,Common,Attack,AnyEnemy,,,,auto,,9,,,,,,,,,,,1,,,,,,,,,,,,,,Strike,,,,,,,,,
SOOT,Soot,-1,,,Status,Status,None,Unplayable,TRUE,curse_status,no_canonical_vars,,,,,,,,,,,,,,,,,,,,,,,,,,,,,,,,,,,,
SOUL,Soul,0,,,Token,Skill,Self,Exhaust,,,auto,TRUE,,,,2,,,,,,,,,,,,,,SOUL:1?,,,,,,,,,,,,,,,,,
SOULBOUND,Soulbound,1,,,Uncommon,Power,AnyAlly,,TRUE,multiplayer_only,no_canonical_vars,,,,,,,,,,,,,,,TRUE,,,,,,,,,,,,,,,,,,,,,
SOUL_STORM,SoulStorm,1,,,Rare,Attack,AnyEnemy,,,,unparsed_residue,TRUE,,4,,,,,,,,,,,,,,,,,,,,,,,,,Soul,,,,,,CalculationBaseVar:9,"new global::_003C_003Ez__ReadOnlyArray<DynamicVar>(new DynamicVar[3] { new CalculationBaseVar(9m), new ExtraDamageVar(4m), new CalculatedDamageVar(ValueProp.Move).WithMultiplier((CardModel card, Creature? _) => card.Owner.PlayerCombatState?.ExhaustPile.Cards.Count((CardModel c) => c is Soul) ?? 0) }",
SOVEREIGN_BLADE,SovereignBlade,2,,,Token,Attack,AnyEnemy,Retain,,,unparsed_residue,TRUE,10,,,,,1,,,,,,,,,,,,,,,,,,SEEKING_EDGE_POWER;PARRY_POWER,,,,,,,,,CalculationBaseVar:0;CalculationExtraVar:1,"new global::_003C_003Ez__ReadOnlyArray<DynamicVar>(new DynamicVar[5] { new DamageVar(10m, ValueProp.Move), new CalculationBaseVar(0m), new CalculationExtraVar(1m), new CalculatedBlockVar(ValueProp.Move).WithMultiplier((CardModel card, Creature? _) => GetOwnerParryAmount(card)), new RepeatVar(1) })",
SOW,Sow,1,,,Common,Attack,AllEnemies,Retain,,,auto,,8,,,,,,,,,,,,,,,,,,,,,,,,,,,,,,,,,,
SPECTRUM_SHIFT,SpectrumShift,2,,,Uncommon,Power,Self,,,,auto,,,,,1,,,,,,,,,,TRUE,,,,,,,,,,,,,,,,,,,,,
SPEEDSTER,Speedster,2,,,Uncommon,Power,Self,,,,auto,,,,,,,,,,,,,,,TRUE,SPEEDSTER_POWER:2(Counter),,,,,,,,,,,,,,,,,,,,
SPINNER,Spinner,1,,,Rare,Power,Self,,,,auto,,,,,,,,,,,,,,,TRUE,SPINNER_POWER:1(Counter),,,,,,,GlassOrb:1,,,,,,,,,,,,,
SPIRIT_OF_ASH,SpiritOfAsh,1,,,Rare,Power,Self,,,,auto,,,,,,,,,,,,,,,TRUE,,,,,,,,,,,,,,,,,,,BlockOnExhaust:4,,
SPITE,Spite,0,,,Uncommon,Attack,AnyEnemy,,,,auto,,5,,,,,2,,,,,,,,,,,,,,,,,,,,,,,,,,,,,
SPLASH,Splash,1,,,Uncommon,Skill,Self,,,,no_canonical_vars,,,,,,,,,,,,,,,,,,,,,unfiltered:1,,,,,,,,,,,,,,,
SPOILS_MAP,SpoilsMap,-1,,,Quest,Quest,Self,Unplayable,,,auto,,,,,,,,,600,,,,,,,,,,,,,,,,,,,,,,,,,,,
SPOILS_OF_BATTLE,SpoilsOfBattle,1,,,Common,Skill,Self,,,,auto,,,,,2,,,,,,,5,,,,,,,,,,,,,,,,,,,,,,,,
SPORE_MIND,SporeMind,1,,,Curse,Curse,None,Exhaust,TRUE,curse_status,no_canonical_vars,,,,,,,,,,,,,,,,,,,,,,,,,,,,,,,,,,,,
SPUR,Spur,1,,,Uncommon,Skill,Self,Retain,,,auto,,,,,,,,5,,,,,,3,,,,,,,,,,,,,,,,,,,,,,
SQUASH,Squash,1,,,Event,Attack,AnyEnemy,,,,auto,,10,,,,,,,,,,,,,,,VULNERABLE_POWER:2(Counter),,,,,,,,,,,,,,,,,,,
SQUEEZE,Squeeze,3,,,Rare,Attack,AnyEnemy,,,,unparsed_residue,TRUE,,5,,,,,,,,,,,,,,,,,,,,,,,,OstyAttack,OstyAttack,,,,,,CalculationBaseVar:25,"new global::_003C_003Ez__ReadOnlyArray<DynamicVar>(new DynamicVar[3] { new CalculationBaseVar(25m), new ExtraDamageVar(5m).FromOsty(), new CalculatedDamageVar(ValueProp.Move).FromOsty().WithMultiplier((CardModel card, Creature? _) => card.Owner.PlayerCombatState.AllCards.Count((CardModel c) => c.Tag",
STACK,Stack,1,,,Event,Skill,Self,,,,unparsed_residue,TRUE,,,,,,,,,,,,,,,,,,,,,,,,,,,,,TRUE,,,,CalculationBaseVar:0;CalculationExtraVar:1,"new global::_003C_003Ez__ReadOnlyArray<DynamicVar>(new DynamicVar[3] { new CalculationBaseVar(0m), new CalculationExtraVar(1m), new CalculatedBlockVar(ValueProp.Move).WithMultiplier((CardModel card, Creature? _) => PileType.Discard.GetPile(card.Owner).Cards.Count()) })",
STAMPEDE,Stampede,2,,,Uncommon,Power,Self,,,,auto,,,,,,,,,,,,,,,TRUE,,,,,,,,,,,,,,,,,,,Power:1,,
STARDUST,Stardust,0,,,Uncommon,Attack,RandomEnemy,,,,auto,,5,,,,,,,,,,,,,,,,,,,,,,,,,,,,,,,,,,
STOKE,Stoke,1,,,Rare,Skill,Self,,,,no_canonical_vars,TRUE,,,,,,,,,,,,,,,,,,,,unfiltered:1?,,,,,,,,,,TRUE,,,,,
STOMP,Stomp,3,,,Uncommon,Attack,AllEnemies,,,,auto,,12,,,,,,,,,,,,,,,,,,,,,,,,,,,,,,,,,,
STONE_ARMOR,StoneArmor,1,,,Uncommon,Power,Self,,,,auto,,,,,,,,,,,,,,,TRUE,PLATING_POWER:4(Counter),,,,,,,,,,,,,,,,,,,,
STORM,Storm,1,,,Uncommon,Power,Self,,,,auto,,,,,,,,,,,,,,,TRUE,STORM_POWER:1(Counter),,,,,,,,,,,,,,,,,,,,
STORM_OF_STEEL,StormOfSteel,1,,,Rare,Skill,Self,,,,no_canonical_vars,,,,,,,,,,,,,,,,,,,,,,,,,,,,,,,,TRUE,,,,
STRANGLE,Strangle,1,,,Uncommon,Attack,AnyEnemy,,,,auto,,8,,,,,,,,,,,,,,,STRANGLE_POWER:2(Counter),,,,,,,,,,,,,,,,,,,
STRATAGEM,Stratagem,1,,,Uncommon,Power,Self,,,,no_canonical_vars,,,,,,,,,,,,,,,TRUE,,,,,,,,,,,,,,,,,,,,,
STRIKE_DEFECT,StrikeDefect,1,,,Basic,Attack,AnyEnemy,,,,auto,,6,,,,,,,,,,,,,,,,,,,,,,,,,Strike,,,,,,,,,
STRIKE_IRONCLAD,StrikeIronclad,1,,,Basic,Attack,AnyEnemy,,,,auto,,6,,,,,,,,,,,,,,,,,,,,,,,,,Strike,,,,,,,,,
STRIKE_NECROBINDER,StrikeNecrobinder,1,,,Basic,Attack,AnyEnemy,,,,auto,,6,,,,,,,,,,,,,,,,,,,,,,,,,Strike,,,,,,,,,
STRIKE_REGENT,StrikeRegent,1,,,Basic,Attack,AnyEnemy,,,,auto,,6,,,,,,,,,,,,,,,,,,,,,,,,,Strike,,,,,,,,,
STRIKE_SILENT,StrikeSilent,1,,,Basic,Attack,AnyEnemy,,,,auto,,6,,,,,,,,,,,,,,,,,,,,,,,,,Strike,,,,,,,,,
SUBROUTINE,Subroutine,1,,,Uncommon,Power,Self,,,,no_canonical_vars,,,,,,,,,,,,,,,TRUE,,,,,,,,,,,,,,,,,,,,,
SUCKER_PUNCH,SuckerPunch,1,,,Common,Attack,AnyEnemy,,,,auto,,8,,,,,,,,,,,,,,,WEAK_POWER:1(Counter),,,,,,,,,,,,,,,,,,,
SUMMON_FORTH,SummonForth,1,,,Uncommon,Skill,Self,,,,auto,,,,,,,,,,,,8,,,,,,,,,,,,,,,,,,,,,,,,
SUNDER,Sunder,3,,,Uncommon,Attack,AnyEnemy,,,,auto,,26,,,,3,,,,,,,,,,,,,,,,,,,,,,,,,,,,,,
SUPERCRITICAL,Supercritical,0,,,Rare,Skill,Self,Exhaust,,,auto,,,,,,4,,,,,,,,,,,,,,,,,,,,,,,,,,,,,,
SUPERMASSIVE,Supermassive,1,,,Uncommon,Attack,AnyEnemy,,,,unparsed_residue,TRUE,,3,,,,,,,,,,,,,,,,,,,,,,,,,,,,,,,CalculationBaseVar:5,"new global::_003C_003Ez__ReadOnlyArray<DynamicVar>(new DynamicVar[3] { new CalculationBaseVar(5m), new ExtraDamageVar(3m), new CalculatedDamageVar(ValueProp.Move).WithMultiplier((CardModel card, Creature? _) => CombatManager.Instance.History.Entries.OfType<CardGeneratedEntry>().Count((CardGeneratedE",
SUPPRESS,Suppress,0,,,Ancient,Attack,AnyEnemy,Innate,,,auto,,11,,,,,,,,,,,,,,,WEAK_POWER:3(Counter),,,,,,,,,,,,,,,,,,,
SURVIVOR,Survivor,1,,,Basic,Skill,Self,,,,auto,,,,8,,,,,,,,,,,,,,,,,,,,,,,,,,,,TRUE,,,,
SWEEPING_BEAM,SweepingBeam,1,,,Common,Attack,AllEnemies,,,,auto,,6,,,1,,,,,,,,,,,,,,,,,,,,,,,,,,,,,,,
SWEEPING_GAZE,SweepingGaze,0,,,Token,Attack,RandomEnemy,Ethereal;Exhaust,,,auto,,10,,,,,,,,,,,,,,,,,,,,,,,,,OstyAttack,,,,,,,,,
SWORD_BOOMERANG,SwordBoomerang,1,,,Common,Attack,RandomEnemy,,,,auto,,3,,,,,3,,,,,,,,,,,,,,,,,,,,,,,,,,,,,
SWORD_SAGE,SwordSage,2,,,Rare,Power,Self,,,,auto,,,,,,,,,,,,,,,TRUE,SWORD_SAGE_POWER:1(Counter),,,,,,,,,,,,,,,,,,,,
SYNCHRONIZE,Synchronize,1,,,Uncommon,Skill,Self,Exhaust,,,unparsed_residue,TRUE,,,,,,,,,,,,,,,,,,,,,,,,,,,,,,,,,CalculationBaseVar:0;CalculationExtraVar:2,"new global::_003C_003Ez__ReadOnlyArray<DynamicVar>(new DynamicVar[3] { new CalculationBaseVar(0m), new CalculationExtraVar(2m), new CalculatedVar(""CalculatedFocus"").WithMultiplier((CardModel card, Creature? _) => (from orb in card.Owner.PlayerCombatState.OrbQueue.Orbs group orb by orb.Id).Count()) }",
SYNTHESIS,Synthesis,2,,,Uncommon,Attack,AnyEnemy,,,,auto,,14,,,,,,,,,,,,,,,,,,,,,,,,,,,,,,,,,,
TACTICIAN,Tactician,3,,,Uncommon,Skill,Self,Sly,,,auto,,,,,,1,,,,,,,,,,,,,,,,,,,,,,,,,,,TRUE,,,
TAG_TEAM,TagTeam,2,,,Uncommon,Attack,AnyEnemy,,TRUE,multiplayer_only,auto,,11,,,,,,,,,,,,,,,,,,,,,,,,,,,,,,,,,,
TANK,Tank,1,,,Rare,Power,Self,,TRUE,multiplayer_only,auto,,,,,,,,,,,,,,,TRUE,,,,,,,,,,,,,,,,,,,DamageIncrease:1.5;DamageDecrease:0.5,,
TAUNT,Taunt,1,,,Common,Skill,AnyEnemy,,,,auto,,,,6,,,,,,,,,,,,,VULNERABLE_POWER:1(Counter),,,,,,,,,,,,,,,,,,,
TEAR_ASUNDER,TearAsunder,2,,,Rare,Attack,AnyEnemy,,,,unparsed_residue,TRUE,5,,,,,1,,,,,,,,,,,,,,,,,,,,,,,,,,,CalculationBaseVar:0;CalculationExtraVar:1,"new global::_003C_003Ez__ReadOnlyArray<DynamicVar>(new DynamicVar[5] { new DamageVar(5m, ValueProp.Move), new RepeatVar(1), new CalculationBaseVar(0m), new CalculationExtraVar(1m), new CalculatedVar(""CalculatedHits"").WithMultiplier((CardModel card, Creature? _) => 1 + CombatManager.Instance.History.",
TEMPEST,Tempest,0,,TRUE,Uncommon,Skill,Self,,,,no_canonical_vars,TRUE,,,,,,,,,,,,,,,,,,,,,,LightningOrb:1?,,,,,,,,,,,,,
TERRAFORMING,Terraforming,1,,,Uncommon,Skill,Self,,,,auto,,,,,,,,,,,,,,,,VIGOR_POWER:6(Counter),,,,,,,,,,,,,,,,,,,,
TESLA_COIL,TeslaCoil,0,,,Uncommon,Attack,AnyEnemy,,,,auto,,3,,,,,,,,,,,,,,,,,,,,,,,,,,,,,,,,,,
THE_BALL,TheBall,1,,,Uncommon,Attack,AnyEnemy,,TRUE,multiplayer_only,auto,,10,,,,,,,,,,,,,,,,,,,,,,,,,,,,,,,,Increase:10,,
THE_BOMB,TheBomb,2,,,Uncommon,Skill,Self,,,,auto,,,,,,,,,,,,,,,,,,,,,,,,,,,,,,,,,,Turns:3;BombDamage:40,,
THE_GAMBIT,TheGambit,0,,,Rare,Skill,Self,,,,auto,,,,50,,,,,,,,,,,,,,,,,,,,,,,,,,,,,,,,
THE_HUNT,TheHunt,1,,,Rare,Attack,AnyEnemy,Exhaust,,,auto,,10,,,,,,,,,,,,,,,,,,,,,,,,,,,,,,,,,,
THE_SCYTHE,TheScythe,2,,,Rare,Attack,AnyEnemy,Exhaust,,,unparsed_residue,TRUE,,,,,,,,,,,,,,,,,,,,,,,,,,,,,,,,,IntVar:4,"new global::_003C_003Ez__ReadOnlyArray<DynamicVar>(new DynamicVar[2] { new DamageVar(CurrentDamage, ValueProp.Move), new IntVar(""Increase"", 4m) })",
THE_SEALED_THRONE,TheSealedThrone,1,3,,Ancient,Power,Self,,,,no_canonical_vars,,,,,,,,,,,,,,,TRUE,,,,,,,,,,,,,,,,,,,,,
THE_SMITH,TheSmith,1,4,,Rare,Skill,Self,,,,auto,,,,,,,,,,,,30,,,,,,,,,,,,,,,,,,,,,,,,
THINKING_AHEAD,ThinkingAhead,0,,,Uncommon,Skill,Self,Exhaust,,,auto,,,,,2,,,,,,,,,,,,,,,,,unfiltered:1,,,,,,,,,,,,,,
THRASH,Thrash,1,,,Rare,Attack,AnyEnemy,,,,auto,,4,,,,,,,,,,,,,,,,,,,,,,,,,,,,,TRUE,,,,,
THRUMMING_HATCHET,ThrummingHatchet,1,,,Uncommon,Attack,AnyEnemy,,,,auto,,11,,,,,,,,,,,,,,,,,,,,,,,,,,,,,,,,,,
THUNDER,Thunder,1,,,Uncommon,Power,Self,,,,auto,,,,,,,,,,,,,,,TRUE,THUNDER_POWER:6(Counter),,,,,,,,,,,,,,,,,,,,
THUNDERCLAP,Thunderclap,1,,,Common,Attack,AllEnemies,,,,auto,,4,,,,,,,,,,,,,,,VULNERABLE_POWER:1(Counter),,,,,,,,,,,,,,,,,,,
TIMES_UP,TimesUp,2,,,Rare,Attack,AnyEnemy,Exhaust,,,unparsed_residue,TRUE,,1,,,,,,,,,,,,,,,,,,,,,DOOM_POWER,,,,,,,,,,CalculationBaseVar:0,"new global::_003C_003Ez__ReadOnlyArray<DynamicVar>(new DynamicVar[3] { new CalculationBaseVar(0m), new ExtraDamageVar(1m), new CalculatedDamageVar(ValueProp.Move).WithMultiplier((CardModel _, Creature? target) => target?.GetPowerAmount<DoomPower>() ?? 0) })",
TOOLS_OF_THE_TRADE,ToolsOfTheTrade,1,,,Rare,Power,Self,,,,no_canonical_vars,,,,,,,,,,,,,,,TRUE,,,,,,,,,,,,,,,,,,,,,
TORIC_TOUGHNESS,ToricToughness,2,,,Event,Skill,Self,,,,auto,,,,5,,,,,,,,,,,,,,,,,,,,,,,,,,,,,,Turns:2,,
TOXIC,Toxic,1,,,Status,Status,None,Exhaust,TRUE,curse_status,auto,,5,,,,,,,,,,,,,,,,,,,,,,,,,,,,,,,,,,
TRACKING,Tracking,2,,,Rare,Power,Self,,,,no_canonical_vars,,,,,,,,,,,,,,,TRUE,,,,,,,,,,,,,,,,,,,,,
TRANSFIGURE,Transfigure,1,,,Rare,Skill,Self,Exhaust,,,auto,,,,,,1,,,,,,,,,,,,,,,,unfiltered:1,,,,,,,,,,,,,,
TRASH_TO_TREASURE,TrashToTreasure,1,,,Rare,Power,Self,,,,no_canonical_vars,,,,,,,,,,,,,,,TRUE,,,,,,,,,,,,,,,,,,,,,
TREMBLE,Tremble,1,,,Common,Skill,AnyEnemy,Exhaust,,,auto,,,,,,,,,,,,,,,,,VULNERABLE_POWER:3(Counter),,,,,,,,,,,,,,,,,,,
TRUE_GRIT,TrueGrit,1,,,Common,Skill,Self,,,,auto,,,,7,,,,,,,,,,,,,,,,,,unfiltered:1,,,,,,,,,TRUE,,,,,
TURBO,Turbo,0,,,Common,Skill,Self,,,,auto,,,,,,2,,,,,,,,,,,,,VOID:1,,,,,,,,,,,,,,,,,
TUTOR,Tutor,1,,,Rare,Skill,AnyAlly,,TRUE,multiplayer_only,no_canonical_vars,,,,,,,,,,,,,,,,,,,,,,unfiltered:1,,,,,,,,,,,,,,
TWIN_STRIKE,TwinStrike,1,,,Common,Attack,AnyEnemy,,,,auto,,5,,,,,,,,,,,,,,,,,,,,,,,,,Strike,,,,,,,,,
TYRANNY,Tyranny,1,,,Rare,Power,Self,,,,no_canonical_vars,,,,,,,,,,,,,,,TRUE,,,,,,,,,,,,,,,,,,,,,
ULTIMATE_DEFEND,UltimateDefend,1,,,Uncommon,Skill,Self,,,,auto,,,,11,,,,,,,,,,,,,,,,,,,,,,,Defend,,,,,,,,,
ULTIMATE_STRIKE,UltimateStrike,1,,,Uncommon,Attack,AnyEnemy,,,,auto,,14,,,,,,,,,,,,,,,,,,,,,,,,,Strike,,,,,,,,,
UNDEATH,Undeath,0,,,Rare,Skill,Self,,,,auto,,,,7,,,,,,,,,,,,,,,,,,,,,,,,,,,,,,,,
UNDERWORLD,Underworld,2,,,Uncommon,Skill,Self,Exhaust,TRUE,multiplayer_only,no_canonical_vars,,,,,,,,,,,,,,,,,,,,,,,,,,,,,,,,,,,,
UNLEASH,Unleash,1,,,Basic,Attack,AnyEnemy,,,,unparsed_residue,TRUE,,1,,,,,,,,,,,,,,,,,,,,,,,,OstyAttack,,,,,,,CalculationBaseVar:6,"new global::_003C_003Ez__ReadOnlyArray<DynamicVar>(new DynamicVar[3] { new CalculationBaseVar(6m), new ExtraDamageVar(1m).FromOsty(), new CalculatedDamageVar(ValueProp.Move).FromOsty().WithMultiplier(delegate(CardModel card, Creature? _) { Creature osty = card.Owner.Osty; return (osty != null && ost",
UNMOVABLE,Unmovable,2,,,Rare,Power,Self,,,,no_canonical_vars,,,,,,,,,,,,,,,TRUE,,,,,,,,,,,,,,,,,,,,,
UNRELENTING,Unrelenting,2,,,Uncommon,Attack,AnyEnemy,,,,auto,,14,,,,,,,,,,,,,,,,,,,,,,,,,,,,,,,,,,
UNTOUCHABLE,Untouchable,2,,,Common,Skill,Self,Sly,,,auto,,,,6,,,,,,,,,,,,,,,,,,,,,,,,,,,,,TRUE,,,
UPPERCUT,Uppercut,2,,,Uncommon,Attack,AnyEnemy,,,,auto,,13,,,,,,,,,,,,,,,,,,,,,,,,,,,,,,,,Power:1,,
UPROAR,Uproar,2,,,Common,Attack,AnyEnemy,,,,auto,,6,,,,,,,,,,,,,,,,,,,,,,,,,,,,,,,,,,
UP_MY_SLEEVE,UpMySleeve,2,,,Uncommon,Skill,Self,,,,auto,,,,,3,,,,,,,,,,,,,,,,,,,,,,,,,,,,,,,
VEILPIERCER,Veilpiercer,1,,,Uncommon,Attack,AnyEnemy,,,,auto,,10,,,,,,,,,,,,,,,,,,,,,,,,,,,,,,,,,,
VENERATE,Venerate,1,,,Basic,Skill,Self,,,,auto,,,,,,,,,,,,,2,,,,,,,,,,,,,,,,,,,,,,,
VICIOUS,Vicious,1,,,Uncommon,Power,Self,,,,auto,,,,,1,,,,,,,,,,TRUE,,,,,,,,,,,,,,,,,,,,,
VOID,Void,-1,,,Status,Status,None,Ethereal;Unplayable,TRUE,curse_status,auto,,,,,,1,,,,,,,,,,,,,,,,,,,,,,,,,,,,,,
VOID_FORM,VoidForm,3,,,Rare,Power,Self,Ethereal,,,auto,,,,,,,,,,,,,,,TRUE,VOID_FORM_POWER:2(Counter),,,,,,,,,,,,,,,,,,,,
VOLLEY,Volley,0,,TRUE,Uncommon,Attack,RandomEnemy,,,,auto,,10,,,,,,,,,,,,,,,,,,,,,,,,,,,,,,,,,,
VOLTAIC,Voltaic,3,,,Rare,Skill,Self,Exhaust,,,unparsed_residue,TRUE,,,,,,,,,,,,,,,,,,,,,,LightningOrb:1?,,,,,,,,,,,CalculationBaseVar:0;CalculationExtraVar:1,"new global::_003C_003Ez__ReadOnlyArray<DynamicVar>(new DynamicVar[3] { new CalculationBaseVar(0m), new CalculationExtraVar(1m), new CalculatedVar(""CalculatedChannels"").WithMultiplier((CardModel card, Creature? _) => CombatManager.Instance.History.Entries.OfType<OrbChanneledEntry>().Count((OrbChannel",
WASTE_AWAY,WasteAway,-1,,,Status,Status,None,,TRUE,curse_status,auto,,,,,,,,,,,,,,,,,WASTE_AWAY_POWER:1(Counter),,,,,,,,,,,,,,,,,,,
WELL_LAID_PLANS,WellLaidPlans,1,,,Rare,Power,Self,,,,no_canonical_vars,,,,,,,,,,,,,,,TRUE,,,,,,,,,,,,,,,,,,,,,
WHIRLWIND,Whirlwind,0,,TRUE,Uncommon,Attack,AllEnemies,,,,auto,,5,,,,,,,,,,,,,,,,,,,,,,,,,,,,,,,,,,
WHISTLE,Whistle,3,,,Ancient,Attack,AnyEnemy,Exhaust,,,auto,,33,,,,,,,,,,,,,,,,,,,,,,,,,,,,,,,,,,
WHITE_NOISE,WhiteNoise,1,,,Uncommon,Skill,Self,Exhaust,,,no_canonical_vars,,,,,,,,,,,,,,,,,,,,,type:Power:1,,,,,,,,,,,,,,,
WISH,Wish,0,,,Ancient,Skill,Self,Exhaust,,,no_canonical_vars,,,,,,,,,,,,,,,,,,,,,,unfiltered:1,,,,,,,,,,,,,,
WISP,Wisp,0,,,Common,Skill,Self,Exhaust,,,auto,,,,,,1,,,,,,,,,,,,,,,,,,,,,,,,,,,,,,
WITHER,Wither,-1,,,Status,Status,None,Unplayable,TRUE,curse_status,auto,,3,,,,,,,,,,,,,,,,,,,,,,,,,,,,,,,,,,
WOUND,Wound,-1,,,Status,Status,None,Unplayable,TRUE,curse_status,no_canonical_vars,,,,,,,,,,,,,,,,,,,,,,,,,,,,,,,,,,,,
WRAITH_FORM,WraithForm,3,,,Ancient,Power,Self,,,,auto,,,,,,,,,,,,,,,TRUE,INTANGIBLE_POWER:2(Counter),WRAITH_FORM_POWER:1(Counter),,,,,,,,,,,,,,,,,,,
WRITHE,Writhe,-1,,,Curse,Curse,None,Innate;Unplayable,TRUE,curse_status,no_canonical_vars,,,,,,,,,,,,,,,,,,,,,,,,,,,,,,,,,,,,
WROUGHT_IN_WAR,WroughtInWar,1,,,Common,Attack,AnyEnemy,,,,auto,,7,,,,,,,,,,7,,,,,,,,,,,,,,,,,,,,,,,,
ZAP,Zap,1,,,Basic,Skill,Self,,,,no_canonical_vars,,,,,,,,,,,,,,,,,,,,,,,LightningOrb:1,,,,,,,,,,,,,
